DEPTH,AC,SP,GR,RT
571.85,370.898,110.423,75.905,1.586
571.975,369.882,110.448,76.973,1.571
572.1,377.057,110.401,78.192,1.554
572.225,389.26,110.273,79.739,1.535
572.35,401.625,110.056,82.076,1.517
572.475,409.545,109.775,84.89,1.5
572.6,412.924,109.455,87.264,1.486
572.725,413.492,109.137,88.371,1.478
572.85,412.677,108.874,87.939,1.481
572.975,409.608,108.684,86.935,1.497
573.1,402.993,108.58,86.021,1.534
573.225,392.844,108.571,85.198,1.597
573.35,381.384,108.679,83.884,1.703
573.475,371.657,108.88,81.809,1.859
573.6,363.371,109.154,79.283,2.069
573.725,354.014,109.468,76.837,2.34
573.85,341.59,109.768,75.166,2.725
573.975,326.683,110.022,74.619,3.244
574.1,312.217,110.227,75.119,3.932
574.225,298.969,110.391,76.18,4.766
574.35,285.432,110.527,76.93,5.777
574.475,270.287,110.646,76.61,6.812
574.6,257.361,110.743,74.951,7.644
574.725,253.002,110.81,72.093,8.023
574.85,262.075,110.849,68.86,7.703
574.975,283.632,110.872,66.705,6.955
575.1,307.37,110.869,66.585,6.061
575.225,326.621,110.821,68.527,5.234
575.35,339.761,110.685,71.259,4.62
575.475,349.954,110.445,73.091,4.176
575.6,360.73,110.088,73.632,3.867
575.725,370.69,109.623,73.65,3.657
575.85,375.873,109.066,74.671,3.518
575.975,373.291,108.48,76.702,3.41
576.1,366.735,107.921,78.498,3.372
576.225,361.116,107.446,78.979,3.368
576.35,360.126,107.124,77.997,3.396
576.475,364.345,106.959,77.468,3.442
576.6,370.133,106.952,79.641,3.519
576.725,374.197,107.118,85.665,3.568
576.85,373.961,107.506,95.01,3.585
576.975,368.407,108.053,104.909,3.582
577.1,360.019,108.682,113.928,3.571
577.225,352.175,109.302,121.887,3.576
577.35,348.351,109.823,129.731,3.63
577.475,350.016,110.232,138.996,3.746
577.6,354.701,110.534,151.008,3.935
577.725,359.546,110.708,166.98,4.202
577.85,362.582,110.679,188.378,4.552
577.975,363.575,110.46,215.51,4.967
578.1,363.437,110.077,253.487,5.438
578.225,362.438,109.587,311.224,5.952
578.35,360.461,109.059,359.99,6.477
578.475,357.891,108.561,360,6.964
578.6,356.064,108.119,360,7.379
578.725,356.347,107.734,360,7.665
578.85,359.191,107.403,360,7.749
578.975,363.124,107.112,360,7.678
579.1,365.703,106.871,360,7.506
579.225,365.943,106.69,328.307,7.302
579.35,365.352,106.567,305.725,7.134
579.475,367.065,106.455,285.51,7.043
579.6,373.125,106.315,265.13,7.048
579.725,383.086,106.123,246.608,7.154
579.85,394.321,105.877,229.929,7.382
579.975,403.85,105.599,210.613,7.71
580.1,410.181,105.289,185.815,8.122
580.225,413.24,104.932,156.968,8.603
580.35,413.232,104.513,129.95,9.117
580.475,410.484,104.067,109.386,9.585
580.6,405.051,103.644,96.179,9.913
580.725,396.748,103.296,88.348,10.006
580.85,385.621,103.075,83.122,9.742
580.975,372.91,102.961,78.859,9.186
581.1,360.394,102.942,76.277,8.45
581.225,349.834,103.012,76.181,7.658
581.35,343.269,103.169,79.533,6.919
581.475,341.305,103.365,87.201,6.263
581.6,343.493,103.559,100.571,5.689
581.725,348.625,103.71,118.74,5.199
581.85,355.085,103.78,136.64,4.783
581.975,361.394,103.781,147.46,4.405
582.1,366.939,103.738,147.569,4.059
582.225,371.853,103.679,137.516,3.745
582.35,376.679,103.642,121.674,3.44
582.475,381.584,103.667,106.798,3.203
582.6,385.755,103.791,95.385,3.014
582.725,387.626,104.036,87.619,2.866
582.85,385.179,104.379,83.386,2.761
582.975,379.082,104.734,81.501,2.686
583.1,371.462,105.052,81.176,2.643
583.225,364.966,105.314,81.369,2.632
583.35,361.629,105.479,81.382,2.666
583.475,360.515,105.5,81.228,2.744
583.6,360.081,105.324,81.128,2.869
583.725,359.157,104.957,81.346,3.04
583.85,357.037,104.484,81.62,3.26
583.975,353.687,104.056,81.506,3.522
584.1,349.478,103.743,80.802,3.787
584.225,345.092,103.556,79.578,4.031
584.35,342.218,103.512,77.956,4.263
584.475,341.813,103.611,76.059,4.474
584.6,343.804,103.87,73.93,4.644
584.725,346.948,104.266,71.885,4.753
584.85,349.145,104.732,70.355,4.769
584.975,349.277,105.171,69.432,4.712
585.1,347.372,105.534,69.038,4.61
585.225,344.397,105.802,69.088,4.5
585.35,342.499,105.958,69.921,4.428
585.475,343.713,106.019,71.583,4.415
585.6,349.209,105.986,73.786,4.463
585.725,358.772,105.872,75.972,4.561
585.85,370.607,105.695,77.449,4.68
585.975,381.399,105.482,78.023,4.784
586.1,388.628,105.237,77.801,4.847
586.225,390.569,104.962,77.118,4.854
586.35,385.585,104.678,76.261,4.782
586.475,375.67,104.43,75.265,4.644
586.6,364.206,104.256,74.268,4.455
586.725,355.848,104.176,73.638,4.239
586.85,355.831,104.208,73.866,4.032
586.975,363.85,104.351,74.94,3.855
587.1,376.506,104.63,76.664,3.719
587.225,388.401,105.056,78.352,3.625
587.35,393.856,105.602,78.947,3.576
587.475,392.455,106.17,78.368,3.562
587.6,386.188,106.691,77.197,3.581
587.725,377.692,107.132,76.048,3.637
587.85,368.864,107.486,75.056,3.745
587.975,360.103,107.789,73.84,3.909
588.1,350.897,108.051,71.772,4.13
588.225,341.044,108.259,68.761,4.406
588.35,331.459,108.402,66.262,4.715
588.475,323.217,108.518,65.887,5.003
588.6,316.88,108.649,68.043,5.227
588.725,312.486,108.824,71.894,5.37
588.85,309.749,109.04,75.519,5.444
588.975,307.979,109.252,77.316,5.51
589.1,306.936,109.421,76.918,5.607
589.225,306.611,109.525,75.132,5.744
589.35,306.474,109.549,73.031,5.897
589.475,305.317,109.499,71.009,6.005
589.6,302.675,109.363,69.118,6.018
589.725,300.141,109.124,67.483,5.914
589.85,302.101,108.761,66.553,5.699
589.975,311.476,108.299,66.691,5.437
590.1,328.055,107.748,67.579,5.16
590.225,348.425,107.137,68.471,4.887
590.35,366.456,106.514,68.679,4.621
590.475,377.739,105.936,68.621,4.36
590.6,381.266,105.444,69.097,4.107
590.725,378.663,105.06,70.48,3.877
590.85,373.154,104.827,72.536,3.697
590.975,368.419,104.747,74.254,3.578
591.1,366.508,104.823,74.994,3.499
591.225,367.22,105.031,74.79,3.546
591.35,368.668,105.32,74.238,3.652
591.475,369.238,105.6,73.95,3.833
591.6,369.048,105.795,73.745,4.087
591.725,369.568,105.848,73.093,4.418
591.85,372.806,105.695,71.536,4.856
591.975,379.097,105.357,69.194,5.421
592.1,387.274,104.859,66.515,6.162
592.225,395.808,104.255,64.143,7.109
592.35,403.242,103.599,62.439,8.401
592.475,408.859,102.944,61.315,10.003
592.6,412.483,102.326,61.091,11.75
592.725,414.146,101.773,62.128,13.3
592.85,413.975,101.329,64.01,13.874
592.975,412.413,100.995,65.183,13.274
593.1,409.752,100.757,64.754,11.833
593.225,405.672,100.597,62.837,10.114
593.35,398.98,100.524,60.51,8.524
593.475,388.902,100.554,58.972,7.26
593.6,376.052,100.715,58.416,6.299
593.725,362.543,101.006,58.768,5.556
593.85,352.187,101.402,60.449,5.013
593.975,347.83,101.815,63.468,4.585
594.1,349.684,102.199,67.399,4.235
594.225,356.111,102.541,71.052,3.943
594.35,364.453,102.838,73.127,3.707
594.475,372.327,103.104,74.121,3.492
594.6,378.389,103.35,74.998,3.304
594.725,382.053,103.589,76.409,3.16
594.85,382.959,103.819,78.089,3.035
594.975,381.666,104.055,79.328,2.915
595.1,379.579,104.325,80.05,2.796
595.225,377.765,104.653,80.817,2.681
595.35,376.375,105.063,82.637,2.578
595.475,374.377,105.534,85.331,2.489
595.6,370.352,106.042,87.604,2.421
595.725,363.604,106.567,87.872,2.376
595.85,354.579,107.123,85.091,2.361
595.975,344.95,107.706,80.903,2.367
596.1,336.876,108.278,77.021,2.391
596.225,332.02,108.78,74.393,2.428
596.35,331.647,109.12,72.676,2.474
596.475,335.649,109.277,70.811,2.522
596.6,342.121,109.234,68.66,2.569
596.725,348.942,108.988,66.985,2.612
596.85,353.893,108.518,67.044,2.656
596.975,355.875,107.909,68.768,2.707
597.1,355.852,107.247,71.332,2.771
597.225,355.507,106.613,73.764,2.849
597.35,356.229,106.053,75.138,2.941
597.475,357.725,105.548,75.347,3.036
597.6,357.981,105.097,74.762,3.125
597.725,355.823,104.718,73.963,3.196
597.85,352.694,104.479,73.397,3.246
597.975,352.149,104.388,72.973,3.289
598.1,356.843,104.427,72.65,3.335
598.225,366.817,104.567,72.853,3.395
598.35,379.392,104.802,74.143,3.483
598.475,390.191,105.093,76.342,3.599
598.6,395.701,105.397,79.041,3.696
598.725,394.847,105.655,81.466,3.804
598.85,389.139,105.787,82.77,3.944
598.975,382.395,105.77,83.017,4.138
599.1,378.864,105.591,82.943,4.417
599.225,379.83,105.255,83.939,4.816
599.35,383.164,104.768,87.87,5.415
599.475,384.465,104.2,94.746,6.237
599.6,380.914,103.603,104.044,7.305
599.725,373.078,103.011,115.045,8.653
599.85,364.378,102.447,128.307,10.291
599.975,359.093,101.912,144.135,11.971
600.1,358.901,101.405,161.216,13.459
600.225,363.041,100.924,175.586,14.346
600.35,369.301,100.48,180.369,14.128
600.475,375.179,100.102,174.128,13.093
600.6,378.631,99.818,158.587,11.678
600.725,377.789,99.644,138.314,10.274
600.85,370.747,99.6,119.474,9.093
600.975,357.202,99.638,105.6,8.174
601.1,342.388,99.712,97.241,7.484
601.225,332.992,99.778,93.167,6.975
601.35,334.784,99.793,91.182,6.611
601.475,349.067,99.736,89.166,6.332
601.6,367.848,99.616,87.115,6.13
601.725,383.484,99.456,85.9,6.026
601.85,391.208,99.276,86.207,6.067
601.975,391.209,99.098,86.993,6.248
602.1,389.292,98.953,87.225,6.569
602.225,388.843,98.873,86.498,7.028
602.35,390.098,98.912,85.474,7.627
602.475,390.746,99.062,85.433,8.336
602.6,389.289,99.3,86.739,9.16
602.725,386.674,99.585,89.027,10.123
602.85,385.1,99.873,91.19,11.315
602.975,386.161,100.128,92.125,12.928
603.1,388.306,100.322,91.442,15.237
603.225,389.139,100.422,89.179,18.597
603.35,386.755,100.369,85.969,23.642
603.475,380.677,100.162,83.164,29.854
603.6,373.562,99.795,81.161,35.565
603.725,368.095,99.263,79.794,37.664
603.85,366.35,98.577,78.792,33.798
603.975,369.105,97.859,78.296,27.563
604.1,373.364,97.248,78.807,21.408
604.225,375.495,96.863,80.519,16.437
604.35,371.683,96.815,83.323,12.887
604.475,358.359,97.063,86.051,10.194
604.6,338.672,97.597,87.876,8.108
604.725,318.108,98.414,88.723,6.537
604.85,304.057,99.523,88.508,5.398
604.975,304.921,100.792,87.014,4.558
605.1,319.471,102.093,84.193,3.95
605.225,342.317,103.308,81.004,3.478
605.35,365.433,104.316,79.631,3.165
605.475,379.978,105.104,81.182,2.942
605.6,383.758,105.657,85.216,2.782
605.725,377.942,105.979,89.686,2.671
605.85,366.598,106.042,91.444,2.601
605.975,355.655,105.883,89.582,2.563
606.1,349.458,105.511,84.847,2.556
606.225,348.7,104.968,78.924,2.579
606.35,351.406,104.332,74.111,2.633
606.475,354.494,103.705,71.626,2.706
606.6,356.23,103.136,71.392,2.786
606.725,356.973,102.645,72.259,2.855
606.85,357.31,102.255,72.635,2.893
606.975,356.939,101.969,72.197,2.897
607.1,355.712,101.81,71.52,2.869
607.225,354.831,101.797,71.173,2.817
607.35,356.783,101.956,71.188,2.755
607.475,363.833,102.244,70.866,2.695
607.6,373.989,102.635,70.226,2.641
607.725,383.638,103.086,70,2.595
607.85,389.083,103.546,71.085,2.557
607.975,388.63,103.976,72.93,2.525
608.1,384.886,104.353,74.438,2.499
608.225,379.927,104.656,74.94,2.48
608.35,374.583,104.873,74.787,2.472
608.475,368.455,105.062,74.692,2.475
608.6,361.461,105.291,74.757,2.488
608.725,354.36,105.623,74.444,2.507
608.85,348.538,106.104,73.165,2.523
608.975,345.32,106.686,71.535,2.529
609.1,344.637,107.313,70.243,2.523
609.225,346.16,107.923,69.57,2.502
609.35,349.426,108.407,69.105,2.47
609.475,353.669,108.681,68.123,2.435
609.6,357.639,108.676,66.81,2.405
609.725,360.538,108.366,65.854,2.383
609.85,362.162,107.744,66.082,2.376
609.975,362.951,106.939,67.376,2.385
610.1,363.734,106.026,69.115,2.414
610.225,364.864,105.055,70.539,2.462
610.35,366.33,104.049,71.003,2.536
610.475,367.984,103.02,70.909,2.628
610.6,369.787,101.969,70.902,2.735
610.725,371.819,100.898,71.516,2.85
610.85,373.985,99.834,73.056,2.96
610.975,375.951,98.833,74.794,3.055
611.1,377.329,97.963,75.859,3.126
611.225,377.918,97.285,75.687,3.168
611.35,377.885,96.864,74.353,3.177
611.475,377.805,96.648,72.643,3.157
611.6,378.367,96.626,70.773,3.11
611.725,379.953,96.784,68.903,3.04
611.85,382.695,97.086,67.48,2.954
611.975,386.343,97.419,66.822,2.863
612.1,390.106,97.712,67.129,2.78
612.225,393.207,97.942,68.157,2.719
612.35,395.142,98.126,69.559,2.7
612.475,396.055,98.304,70.925,2.725
612.6,396.499,98.49,72.084,2.799
612.725,396.512,98.692,72.956,2.922
612.85,395.464,98.931,73.328,3.091
612.975,392.642,99.215,73.401,3.28
613.1,388.153,99.528,73.62,3.491
613.225,382.65,99.827,74.104,3.648
613.35,377.054,100.068,74.266,3.747
613.475,372.123,100.262,73.509,3.805
613.6,368.232,100.435,72.001,3.825
613.725,365.468,100.612,70.681,3.812
613.85,363.524,100.805,70.859,3.762
613.975,361.832,100.994,72.366,3.682
614.1,360.256,101.172,74.115,3.578
614.225,359.455,101.347,75.004,3.415
614.35,360.423,101.535,74.505,3.283
614.475,363.21,101.742,73.311,3.165
614.6,366.719,101.964,72.05,3.073
614.725,370,102.192,71.099,3.012
614.85,372.814,102.419,70.759,2.983
614.975,375.434,102.653,71.098,2.978
615.1,377.728,102.891,72.363,2.99
615.225,378.913,103.099,74.701,3.012
615.35,378.283,103.224,77.378,3.041
615.475,376.476,103.251,79.021,3.076
615.6,375.188,103.167,78.961,3.118
615.725,375.756,102.97,77.369,3.166
615.85,378.176,102.657,74.988,3.223
615.975,380.613,102.279,73.089,3.296
616.1,381.052,101.901,72.374,3.392
616.225,379.014,101.61,72.751,3.553
616.35,375.868,101.487,73.468,3.71
616.475,373.72,101.503,73.743,3.893
616.6,373.547,101.623,73.163,4.083
616.725,374.669,101.804,71.477,4.26
616.85,375.38,102.003,69.023,4.387
616.975,374.765,102.18,66.899,4.453
617.1,373.387,102.286,65.541,4.46
617.225,372.438,102.26,64.831,4.426
617.35,372.778,102.064,64.493,4.384
617.475,374.089,101.765,64.268,4.36
617.6,375.604,101.414,64.289,4.361
617.725,376.88,101.051,64.915,4.384
617.85,377.778,100.724,66.326,4.415
617.975,378.185,100.473,67.928,4.44
618.1,377.758,100.32,69.082,4.453
618.225,376.216,100.271,69.278,4.457
618.35,373.863,100.324,68.184,4.457
618.475,371.613,100.439,66.203,4.456
618.6,370.062,100.608,64.094,4.446
618.725,369.247,100.833,63.179,4.415
618.85,368.969,101.124,64.909,4.338
618.975,368.906,101.456,68.387,4.207
619.1,368.776,101.81,71.899,4.028
619.225,368.382,102.171,73.864,3.818
619.35,367.85,102.52,73.47,3.595
619.475,367.733,102.832,71.955,3.369
619.6,368.387,103.083,70.617,3.202
619.725,369.345,103.262,70.411,3.077
619.85,369.212,103.374,71.325,2.998
619.975,367.579,103.44,72.234,2.953
620.1,365.554,103.454,72.515,2.94
620.225,364.708,103.396,72.135,2.954
620.35,365.289,103.228,71.896,2.996
620.475,365.059,102.967,72.492,3.061
620.6,361.939,102.631,73.627,3.146
620.725,356.247,102.236,74.567,3.247
620.85,351.791,101.748,74.731,3.363
620.975,352.278,101.176,74.467,3.502
621.1,358.377,100.583,74.305,3.633
621.225,367.345,100.072,74.416,3.732
621.35,373.76,99.755,74.609,3.803
621.475,374.303,99.624,74.742,3.841
621.6,368.881,99.676,74.787,3.841
621.725,360.02,99.916,74.667,3.808
621.85,351.774,100.394,74.103,3.739
621.975,346.653,101.062,73.217,3.653
622.1,344.755,101.851,72.721,3.561
622.225,344.755,102.645,73.421,3.436
622.35,345.588,103.309,75.549,3.363
622.475,347.535,103.798,77.95,3.314
622.6,351.549,104.098,79.478,3.291
622.725,357.663,104.195,79.432,3.294
622.85,363.433,104.042,77.357,3.33
622.975,365.428,103.694,74.165,3.398
623.1,362.131,103.206,71.146,3.534
623.225,355.136,102.659,69.463,3.696
623.35,349.32,102.168,69.621,3.92
623.475,348.381,101.781,70.558,4.219
623.6,352.009,101.47,71.197,4.604
623.725,356.283,101.167,71.023,5.082
623.85,354.752,100.764,70.623,5.674
623.975,345.563,100.208,71.115,6.355
624.1,330.462,99.484,72.696,7.095
624.225,315.212,98.644,74.662,7.887
624.35,303.938,97.764,76.118,8.714
624.475,298.652,96.913,76.936,9.521
624.6,299.633,96.144,77.499,10.228
624.725,305.221,95.506,78.058,10.756
624.85,311.6,95.097,78.238,10.988
624.975,314.683,94.939,77.779,10.894
625.1,312.517,95.027,76.902,10.477
625.225,306.205,95.269,76.152,9.787
625.35,299.605,95.531,75.945,8.873
625.475,296.989,95.714,75.981,7.9
625.6,300.01,95.778,75.888,6.96
625.725,307.522,95.732,75.495,6.135
625.85,316.832,95.623,75.124,5.491
625.975,325.575,95.513,75.31,5.023
626.1,333.892,95.433,75.828,4.698
626.225,343.634,95.429,76.124,4.473
626.35,355.746,95.549,76.229,4.302
626.475,369.123,95.739,76.972,4.119
626.6,380.799,95.945,78.856,3.898
626.725,388.226,96.134,81.411,3.641
626.85,390.276,96.309,82.795,3.325
626.975,387.879,96.536,81.975,3.056
627.1,384.425,96.89,79.619,2.822
627.225,383.399,97.411,77.821,2.626
627.35,386.331,98.12,79.006,2.465
627.475,392.571,98.975,82.684,2.326
627.6,399.764,99.952,87.21,2.207
627.725,405.318,101.009,90.635,2.108
627.85,408.257,102.073,91.631,2.034
627.975,408.761,103.048,91.126,1.986
628.1,406.044,103.836,90.108,1.968
628.225,400.004,104.349,89.07,1.98
628.35,390.865,104.493,87.563,2.021
628.475,380.953,104.362,84.956,2.073
628.6,374.824,104.041,81.251,2.129
628.725,374.302,103.608,77.335,2.173
628.85,378.105,103.132,75.094,2.194
628.975,382.891,102.708,75.359,2.193
629.1,385.796,102.421,77.894,2.17
629.225,387.59,102.335,81.48,2.129
629.35,390.308,102.536,84.279,2.077
629.475,394.89,102.992,85.639,2.021
629.6,400.077,103.683,85.634,1.965
629.725,403.977,104.569,84.67,1.915
629.85,406.393,105.57,83.363,1.879
629.975,408.377,106.513,82.444,1.855
630.1,411.111,107.261,82.298,1.843
630.225,414.282,107.729,82.968,1.841
630.35,416.439,107.837,84.272,1.847
630.475,415.857,107.641,85.456,1.86
630.6,411.501,107.168,85.661,1.881
630.725,404.872,106.479,84.654,1.91
630.85,398.451,105.698,82.727,1.952
630.975,394.79,104.999,80.649,2.008
631.1,394.311,104.47,79.013,2.074
631.225,393.963,104.131,78.196,2.153
631.35,390.677,103.976,78.501,2.242
631.475,383.315,103.938,79.548,2.337
631.6,373.64,103.998,81.152,2.433
631.725,365.234,104.142,83.059,2.526
631.85,360.318,104.313,84.475,2.614
631.975,359.573,104.408,84.816,2.696
632.1,362.215,104.358,84.155,2.77
632.225,366.449,104.142,83.1,2.834
632.35,371.037,103.807,82.665,2.88
632.475,375.116,103.488,82.947,2.906
632.6,378.343,103.272,83.574,2.905
632.725,380.754,103.177,83.758,2.88
632.85,382.176,103.178,82.451,2.83
632.975,382.62,103.213,79.722,2.764
633.1,382.946,103.277,76.256,2.69
633.225,384.312,103.394,73.125,2.617
633.35,387.002,103.585,71.661,2.554
633.475,390.089,103.781,72.057,2.505
633.6,392.376,103.898,73.999,2.473
633.725,393.684,103.866,76.615,2.461
633.85,394.755,103.619,78.818,2.468
633.975,396.077,103.202,79.963,2.484
634.1,396.791,102.659,79.878,2.504
634.225,395.427,102.035,78.99,2.523
634.35,391.559,101.351,78.224,2.543
634.475,386.959,100.666,78.091,2.568
634.6,384.641,100.039,78.354,2.602
634.725,386.246,99.519,78.332,2.647
634.85,390.683,99.137,77.489,2.701
634.975,394.006,98.842,76.5,2.76
635.1,392.509,98.599,76.346,2.817
635.225,385.374,98.413,77.399,2.872
635.35,374.939,98.316,78.969,2.928
635.475,365.869,98.269,80.071,2.996
635.6,361.235,98.238,80.409,3.092
635.725,360.916,98.223,80.191,3.23
635.85,362.726,98.253,79.859,3.446
635.975,364.342,98.328,79.677,3.743
636.1,365.582,98.415,79.733,4.087
636.225,367.91,98.443,79.993,4.517
636.35,372.757,98.326,80.449,5.066
636.475,380.381,98.094,80.777,5.74
636.6,388.753,97.77,80.285,6.548
636.725,395.62,97.349,78.483,7.491
636.85,399.528,96.815,75.354,8.569
636.975,399.801,96.227,71.828,9.625
637.1,397.452,95.645,68.631,10.382
637.225,393.29,95.148,66.482,10.578
637.35,387.89,94.867,66.223,10.036
637.475,382.063,94.824,67.368,9.047
637.6,377.177,95.001,69.138,7.894
637.725,374.395,95.365,70.826,6.788
637.85,374.048,95.901,71.946,5.854
637.975,375.538,96.543,72.732,5.094
638.1,377.452,97.257,73.529,4.511
638.225,378.993,97.976,74.467,4.073
638.35,379.568,98.56,75.272,3.775
638.475,378.127,98.953,75.991,3.56
638.6,374.626,99.171,76.874,3.437
638.725,374.562,99.255,77.84,3.427
638.85,367.214,99.243,78.727,3.569
638.975,368.485,99.186,79.646,3.778
639.1,373.316,99.109,80.645,4.107
639.225,379.632,99.038,81.676,4.578
639.35,385.238,99.018,82.506,5.264
639.475,388.942,99.057,82.936,6.199
639.6,391.336,99.147,82.993,7.449
639.725,392.773,99.281,83.403,9.153
639.85,393.234,99.453,86.535,11.544
639.975,392.808,99.637,94.525,14.7
640.1,392.472,99.794,109.945,18.805
640.225,393.22,99.866,134.651,23.739
640.35,395.555,99.783,167.369,28.462
640.475,399.122,99.567,197.956,31.798
640.6,402.723,99.24,216.191,33.261
640.725,405.655,98.812,215.505,33.127
640.85,407.55,98.291,194.978,31.968
640.975,407.992,97.749,167.13,30.577
641.1,406.734,97.233,140.947,29.288
641.225,403.618,96.77,120.984,28.277
641.35,399.019,96.389,107.503,27.645
641.475,393.948,96.079,97.017,27.318
641.6,389.772,95.846,88.654,27.226
641.725,387.341,95.704,82.372,27.237
641.85,386.793,95.626,78.503,27.151
641.975,387.222,95.512,76.156,26.8
642.1,386.929,95.329,74.394,26.073
642.225,384.798,95.11,72.716,25.014
642.35,380.834,94.895,70.99,23.696
642.475,376.61,94.681,69.641,22.406
642.6,374.452,94.442,69.334,21.256
642.725,375.77,94.159,70.259,20.319
642.85,380.775,93.887,71.877,19.665
642.975,388.211,93.725,72.961,19.217
643.1,395.923,93.702,72.943,18.936
643.225,402.461,93.76,72.146,18.784
643.35,406.991,93.821,71.535,18.749
643.475,409.461,93.843,71.655,18.789
643.6,410.05,93.815,72.173,18.847
643.725,408.242,93.724,72.542,18.827
643.85,402.921,93.538,72.568,18.56
643.975,393.8,93.286,72.528,18.016
644.1,382.26,93.046,72.779,17.194
644.225,370.314,92.917,73.784,16.149
644.35,360.114,92.977,76.445,15.047
644.475,352.494,93.219,80.763,14.066
644.6,346.767,93.655,86.42,13.214
644.725,341.778,94.266,93.015,12.427
644.85,336.598,94.988,101.527,11.59
644.975,331.428,95.664,114.932,10.661
645.1,327.412,96.142,136.503,9.637
645.225,325.581,96.335,165.565,8.587
645.35,326.202,96.274,194.499,7.633
645.475,328.068,96.126,213.006,6.808
645.6,329.632,95.958,215.721,6.121
645.725,330.297,95.797,203.635,5.557
645.85,330.919,95.681,182.274,5.122
645.975,332.771,95.673,160.19,4.769
646.1,335.632,95.867,140.304,4.482
646.225,337.36,96.304,122.933,4.252
646.35,334.925,96.911,108.553,4.077
646.475,328.609,97.486,97.058,3.942
646.6,321.771,97.914,88.476,3.845
646.725,318.622,98.16,82.441,3.777
646.85,322.15,98.229,78.47,3.729
646.975,330.419,98.179,75.651,3.684
647.1,340.45,98.019,73.723,3.634
647.225,350.651,97.785,72.762,3.575
647.35,360.625,97.546,72.943,3.465
647.475,369.392,97.358,73.734,3.374
647.6,374.982,97.267,74.796,3.271
647.725,375.99,97.324,75.826,3.164
647.85,373.328,97.582,76.337,3.066
647.975,371.073,98.002,76.167,2.991
648.1,372.086,98.564,75.575,2.948
648.225,376.565,99.205,74.979,2.943
648.35,382.067,99.797,74.786,2.988
648.475,385.678,100.25,75.232,3.079
648.6,386.494,100.503,76.486,3.218
648.725,385.163,100.521,78.43,3.407
648.85,382.709,100.252,80.557,3.688
648.975,379.796,99.733,81.981,3.991
649.1,376.4,98.946,81.835,4.375
649.225,372.619,97.915,79.941,4.864
649.35,369.616,96.745,77.321,5.511
649.475,368.539,95.617,75.508,6.311
649.6,370.262,94.654,74.975,7.247
649.725,374.704,93.92,75.185,8.315
649.85,380.672,93.431,75.082,9.506
649.975,386.09,93.096,74.41,10.737
650.1,389.826,92.884,73.502,11.971
650.225,391.579,92.753,72.9,13.208
650.35,391.528,92.663,73.025,14.436
650.475,390.633,92.58,73.449,15.607
650.6,389.618,92.476,73.707,16.61
650.725,389.03,92.306,73.527,17.335
650.85,388.878,92.042,73.037,17.595
650.975,388.471,91.718,72.639,17.345
651.1,387.452,91.379,72.522,16.524
651.225,386.31,91.101,72.651,15.135
651.35,386.513,90.981,72.811,13.31
651.475,388.525,90.999,73.067,11.422
651.6,391.187,91.137,73.84,9.675
651.725,391.987,91.419,75.258,8.179
651.85,387.53,91.914,76.751,7.027
651.975,377.812,92.585,77.619,6.111
652.1,365.024,93.365,77.723,5.367
652.225,352.672,94.143,77.369,4.764
652.35,345.07,94.76,77.109,4.286
652.475,343.76,95.192,77.159,3.892
652.6,348.287,95.454,77.462,3.549
652.725,356.629,95.559,78.006,3.284
652.85,365.624,95.507,78.561,3.111
652.975,372.59,95.345,78.743,3.004
653.1,376.593,95.089,78.219,2.95
653.225,378.197,94.774,77.011,2.934
653.35,378.078,94.459,76.024,2.936
653.475,376.23,94.144,75.994,2.935
653.6,372.251,93.791,76.704,2.924
653.725,367.259,93.389,77.286,2.903
653.85,365.445,92.979,76.668,2.882
653.975,369.822,92.668,74.955,2.868
654.1,379.361,92.553,72.957,2.863
654.225,389.343,92.665,71.866,2.862
654.35,393.603,92.961,73.02,2.858
654.475,390.887,93.329,75.818,2.848
654.6,383.97,93.707,79.001,2.835
654.725,376.473,94.025,80.776,2.829
654.85,371.53,94.149,79.257,2.851
654.975,370.675,93.986,75.613,2.915
655.1,374.64,93.46,71.888,3.038
655.225,383.16,92.6,69.733,3.234
655.35,393.87,91.547,69.905,3.535
655.475,403.103,90.509,71.332,3.922
655.6,408.527,89.591,73.157,4.356
655.725,410.295,88.863,74.996,4.842
655.85,410.159,88.427,76.919,5.343
655.975,410.013,88.293,78.557,5.795
656.1,410.747,88.494,79.171,6.148
656.225,412.234,89.005,78.409,6.353
656.35,413.669,89.765,76.513,6.38
656.475,413.775,90.641,74.253,6.28
656.6,411.293,91.563,72.345,6.079
656.725,405.786,92.453,71.544,5.806
656.85,398.281,93.181,72.106,5.494
656.975,391.039,93.687,73.275,5.186
657.1,385.991,93.947,74.356,4.902
657.225,383.445,94.001,74.881,4.653
657.35,382.368,93.921,75.093,4.452
657.475,381.486,93.787,75.876,4.292
657.6,380.569,93.628,77.922,4.169
657.725,380.397,93.474,81.05,4.071
657.85,381.431,93.393,83.928,3.977
657.975,382.946,93.432,85.425,3.863
658.1,383.911,93.618,85.123,3.722
658.225,384.585,93.916,83.313,3.562
658.35,386.536,94.254,80.816,3.361
658.475,390.791,94.585,78.8,3.214
658.6,396.073,94.915,77.721,3.105
658.725,400.197,95.265,77.161,3.041
658.85,401.768,95.64,76.581,3.027
658.975,401.647,95.987,76.223,3.043
659.1,402.199,96.245,76.491,3.076
659.225,404.347,96.4,77.458,3.111
659.35,406.692,96.466,78.474,3.133
659.475,406.206,96.488,78.278,3.137
659.6,400.979,96.484,76.304,3.126
659.725,391.225,96.475,73.383,3.108
659.85,379.368,96.494,71.437,3.085
659.975,369.203,96.564,71.286,3.054
660.1,364.722,96.682,72.657,3.014
660.225,369.423,96.81,74.798,2.964
660.35,373.978,96.87,76.856,2.907
660.475,378.014,96.817,78.163,2.851
660.6,382.025,96.616,78.519,2.805
660.725,386.639,96.237,78.096,2.777
660.85,391.495,95.623,77.128,2.777
660.975,395.759,94.827,75.994,2.801
661.1,398.559,93.929,74.745,2.841
661.225,399.361,93.043,73.512,2.889
661.35,399.079,92.284,72.721,2.935
661.475,398.457,91.631,72.588,2.973
661.6,397.627,91.049,73.054,2.996
661.725,396.12,90.537,73.541,3
661.85,393.949,90.164,73.208,2.989
661.975,391.296,89.963,72.147,2.981
662.1,387.892,89.938,70.821,2.988
662.225,382.398,90.05,69.78,3.022
662.35,374.512,90.296,69.501,3.102
662.475,365.924,90.698,69.866,3.226
662.6,360.102,91.263,70.612,3.398
662.725,360.905,91.927,71.458,3.647
662.85,366.843,92.571,72.329,3.909
662.975,373.602,93.095,73.233,4.222
663.1,377.301,93.45,74.125,4.595
663.225,377.286,93.638,74.817,5.042
663.35,377.423,93.634,75.11,5.566
663.475,381.433,93.456,75.318,6.103
663.6,390.025,93.124,76.029,6.528
663.725,400.043,92.695,77.674,6.691
663.85,406.638,92.244,79.723,6.422
663.975,406.988,91.843,80.821,5.837
664.1,401.478,91.509,80.231,5.115
664.225,392.794,91.228,78.066,4.424
664.35,383.758,91.012,75.502,3.866
664.475,375.111,90.894,73.658,3.404
664.6,366.224,90.916,72.899,3.038
664.725,357.056,91.093,73.113,2.778
664.85,349.287,91.43,74.108,2.591
664.975,345.381,91.846,75.413,2.449
665.1,346.852,92.284,76.477,2.342
665.225,353.126,92.73,76.741,2.269
665.35,361.042,93.233,75.773,2.231
665.475,367.444,93.818,73.925,2.22
665.6,371.076,94.482,71.872,2.235
665.725,372.061,95.22,70.403,2.273
665.85,371.261,96.008,70.45,2.331
665.975,369.109,96.806,72.265,2.397
666.1,365.39,97.584,75.795,2.466
666.225,360.31,98.273,80.189,2.534
666.35,355.32,98.683,83.419,2.596
666.475,352.425,98.745,84.042,2.654
666.6,352.661,98.446,81.627,2.71
666.725,355.482,97.834,77.028,2.765
666.85,358.944,96.951,72.532,2.819
666.975,361.288,95.911,70.366,2.873
667.1,362.303,94.787,71.147,2.926
667.225,362.859,93.705,74.196,2.98
667.35,363.831,92.884,78.023,3.04
667.475,365.014,92.363,81.087,3.11
667.6,365.093,92.079,82.942,3.189
667.725,362.315,91.902,84.017,3.274
667.85,356.298,91.721,84.9,3.361
667.975,349.336,91.521,85.372,3.441
668.1,344.524,91.311,84.925,3.531
668.225,344.835,91.031,83.247,3.583
668.35,351.279,90.578,80.374,3.608
668.475,361.362,90.036,77.31,3.625
668.6,372.031,89.563,74.664,3.642
668.725,380.205,89.281,72.723,3.667
668.85,384.117,89.281,71.726,3.703
668.975,384.833,89.492,71.62,3.748
669.1,384.167,89.857,72.483,3.809
669.225,384.172,90.344,73.805,3.898
669.35,386.27,90.915,74.629,4.046
669.475,390.125,91.448,74.457,4.275
669.6,394.674,91.852,73.276,4.615
669.725,398.603,92.11,71.645,5.094
669.85,400.916,92.245,70.293,5.766
669.975,401.768,92.31,69.352,6.596
670.1,401.591,92.339,68.818,7.543
670.225,400.837,92.375,68.734,8.546
670.35,399.598,92.467,69.341,9.443
670.475,397.651,92.616,70.322,10.088
670.6,394.664,92.79,71.258,10.402
670.725,390.466,92.941,71.784,10.385
670.85,385.11,92.997,71.645,9.987
670.975,379.213,92.941,71.294,9.279
671.1,373.167,92.8,71.509,8.369
671.225,367.003,92.645,72.776,7.409
671.35,360.317,92.58,75.015,6.536
671.475,353.046,92.618,77.152,5.789
671.6,345.841,92.754,78.282,5.198
671.725,340.106,92.995,78.008,4.777
671.85,338.099,93.388,76.677,4.534
671.975,340.046,93.932,75.579,4.42
672.1,345.392,94.577,75.516,4.418
672.225,352.442,95.198,76.6,4.513
672.35,359.513,95.616,78.199,4.699
672.475,365.714,95.801,79.339,4.943
672.6,370.414,95.76,79.597,5.229
672.725,372.541,95.516,78.723,5.539
672.85,369.453,95.064,76.727,5.854
672.975,360.32,94.461,74.589,6.153
673.1,345.524,93.746,72.967,6.395
673.225,327.723,92.988,72.074,6.555
673.35,311.998,92.271,72.013,6.595
673.475,302.234,91.643,72.301,6.533
673.6,300.175,91.129,72.267,6.394
673.725,305.628,90.736,71.429,6.214
673.85,317.099,90.464,69.994,6.042
673.975,330.081,90.277,68.826,5.922
674.1,341.074,90.161,68.28,5.866
674.225,347.339,90.091,68.354,5.864
674.35,347.224,90.039,68.563,5.888
674.475,343.464,89.98,68.32,5.887
674.6,338.604,89.914,67.934,5.811
674.725,334.494,89.87,68.298,5.63
674.85,332.113,89.917,70.188,5.333
674.975,331.506,90.095,72.828,4.975
675.1,333.384,90.453,74.907,4.596
675.225,338.469,91.053,75.666,4.235
675.35,346.692,91.999,75.342,3.928
675.475,354.992,93.21,75.23,3.676
675.6,360.214,94.579,76.013,3.448
675.725,360.265,95.974,77.515,3.286
675.85,355.191,97.225,78.791,3.191
675.975,349.334,98.219,79.001,3.144
676.1,346.181,98.864,77.895,3.143
676.225,347.346,99.093,75.826,3.189
676.35,352.305,98.804,73.309,3.293
676.475,358.165,98.125,71.162,3.47
676.6,363.709,97.144,70.11,3.702
676.725,369.078,95.961,70.569,3.985
676.85,375.364,94.686,72.38,4.368
676.975,382.646,93.446,74.184,4.859
677.1,389.718,92.307,75.04,5.494
677.225,394.661,91.297,74.792,6.317
677.35,395.707,90.44,74.58,7.394
677.475,394.249,89.729,76,8.803
677.6,392.06,89.185,79.652,10.574
677.725,390.346,88.811,85.042,12.635
677.85,389.076,88.622,90.977,14.65
677.975,387.195,88.599,96.11,15.914
678.1,384.005,88.762,99.653,15.829
678.225,379.396,89.113,101.218,14.385
678.35,373.29,89.685,100.397,12.198
678.475,365.89,90.444,97.845,10.073
678.6,357.449,91.388,94.635,8.26
678.725,348.956,92.501,92.216,6.834
678.85,342.241,93.742,91.795,5.778
678.975,337.761,94.999,92.685,4.971
679.1,335.368,96.2,93.544,4.379
679.225,334.787,97.301,92.886,3.951
679.35,335.44,98.212,89.961,3.671
679.475,335.427,98.897,86.556,3.47
679.6,333.094,99.327,84.423,3.349
679.725,328.328,99.496,84.31,3.315
679.85,323.683,99.366,85.349,3.339
679.975,322.244,98.995,85.772,3.394
680.1,324.446,98.411,85.034,3.467
680.225,327.702,97.664,83.468,3.583
680.35,327.37,96.806,81.83,3.672
680.475,322.591,95.915,80.642,3.768
680.6,315.878,94.995,79.992,3.87
680.725,311.49,94.023,79.581,3.976
680.85,313.816,92.981,78.918,4.073
680.975,321.53,91.911,78.017,4.148
681.1,331.175,90.848,76.861,4.19
681.225,338.366,89.845,75.631,4.196
681.35,339.12,89,75.114,4.165
681.475,334.853,88.317,75.465,4.111
681.6,328.392,87.816,76.312,4.042
681.725,322.702,87.559,77.319,3.964
681.85,319.656,87.676,78.445,3.879
681.975,318.483,88.116,79.467,3.791
682.1,318.312,88.793,80.111,3.708
682.225,318.74,89.546,80.418,3.639
682.35,320.365,90.166,80.245,3.6
682.475,323.865,90.57,79.477,3.596
682.6,329.667,90.731,78.055,3.634
682.725,337.342,90.637,76.034,3.714
682.85,345.469,90.259,73.797,3.834
682.975,352.071,89.71,72.359,3.972
683.1,355.507,89.112,72.499,4.104
683.225,354.55,88.605,74.211,4.211
683.35,348.582,88.315,76.555,4.263
683.475,340.888,88.257,78.139,4.264
683.6,335.292,88.465,78.327,4.216
683.725,335.017,88.951,77.262,4.132
683.85,340.852,89.72,75.455,4.02
683.975,347.65,90.651,73.823,3.898
684.1,350.846,91.618,73.327,3.774
684.225,348.558,92.462,74.915,3.656
684.35,342.466,93.014,79.007,3.545
684.475,336.959,93.266,83.791,3.434
684.6,333.817,93.224,87.471,3.371
684.725,332.591,92.92,88.972,3.331
684.85,331.562,92.38,88.147,3.311
684.975,329.873,91.735,86.344,3.303
685.1,328.399,91.138,84.18,3.303
685.225,328.68,90.758,81.777,3.309
685.35,332.223,90.773,79.089,3.328
685.475,338.409,91.119,76.545,3.363
685.6,346.567,91.695,74.843,3.413
685.725,355.907,92.378,74.732,3.477
685.85,364.669,93.062,76.597,3.579
685.975,370.27,93.66,79.236,3.637
686.1,370.542,94.08,81.288,3.678
686.225,365.4,94.26,81.365,3.698
686.35,358.097,94.193,78.539,3.693
686.475,353.833,94.029,74.601,3.667
686.6,354.498,93.866,71.723,3.619
686.725,358.14,93.76,71.499,3.547
686.85,360.271,93.73,74.248,3.408
686.975,359.184,93.743,77.865,3.284
687.1,356.303,93.786,80.812,3.152
687.225,353.921,93.836,82.162,3.025
687.35,353.003,93.817,81.759,2.924
687.475,352.176,93.652,80.671,2.858
687.6,350.326,93.308,79.432,2.831
687.725,347.352,92.802,78.228,2.843
687.85,343.997,92.174,76.981,2.892
687.975,340.631,91.505,75.512,2.965
688.1,336.922,90.827,73.818,3.052
688.225,332.828,90.156,72.176,3.145
688.35,329.524,89.55,71.338,3.235
688.475,328.42,89.067,71.767,3.319
688.6,330.248,88.735,73.227,3.392
688.725,334.759,88.541,74.851,3.452
688.85,340.754,88.453,75.267,3.503
688.975,346.163,88.406,74.088,3.553
689.1,349.752,88.373,71.814,3.561
689.225,351.075,88.341,69.55,3.553
689.35,350.197,88.28,68.484,3.526
689.475,348.237,88.169,68.773,3.48
689.6,345.852,88.015,69.939,3.467
689.725,343.743,87.859,71.423,3.468
689.85,342.339,87.744,72.959,3.499
689.975,341.615,87.671,74.423,3.568
690.1,341.062,87.618,75.693,3.631
690.225,339.899,87.554,76.444,3.714
690.35,337.583,87.432,76.294,3.82
690.475,334.837,87.224,75.46,3.943
690.6,333.095,86.901,74.278,4.08
690.725,333.587,86.425,73.325,4.227
690.85,336.522,85.724,73.303,4.376
690.975,340.427,84.825,73.891,4.517
691.1,342.861,83.771,74.221,4.639
691.225,342.295,82.666,73.305,4.73
691.35,338.718,81.645,71.005,4.773
691.475,333.94,80.764,68.885,4.771
691.6,331.061,80.104,68.377,4.725
691.725,331.968,79.795,69.977,4.634
691.85,336.913,80.041,72.665,4.497
691.975,343.382,80.767,74.545,4.332
692.1,348.168,81.858,75.055,4.155
692.225,349.872,83.134,74.674,3.981
692.35,348.946,84.425,74.492,3.837
692.475,347.342,85.646,74.869,3.736
692.6,347.084,86.716,75.643,3.687
692.725,349.15,87.511,76.478,3.696
692.85,353.53,87.855,76.894,3.769
692.975,359.812,87.806,76.814,3.894
693.1,367.31,87.472,76.517,4.064
693.225,375.115,86.992,76.452,4.267
693.35,382.394,86.477,77.277,4.495
693.475,388.192,85.984,79.113,4.717
693.6,391.649,85.534,81.834,4.904
693.725,393.032,85.143,84.773,5.021
693.85,392.395,84.859,86.705,5.016
693.975,389.799,84.691,86.876,4.89
694.1,385.295,84.62,85.377,4.659
694.225,379.86,84.599,83.007,4.362
694.35,374.714,84.573,80.732,4.042
694.475,371.039,84.502,79.075,3.74
694.6,369.232,84.365,77.956,3.443
694.725,368.353,84.171,77.155,3.199
694.85,367.242,83.975,76.712,3.014
694.975,365.025,83.889,76.82,2.866
695.1,362.09,84.035,77.461,2.751
695.225,360.111,84.484,78.081,2.665
695.35,360.989,85.303,78.002,2.608
695.475,366.358,86.425,77.348,2.573
695.6,375.213,87.825,76.441,2.558
695.725,384.864,89.441,75.803,2.562
695.85,392.14,91.138,76.102,2.586
695.975,393.427,92.678,77.358,2.63
696.1,388.678,93.857,79.187,2.695
696.225,380.189,94.55,80.987,2.783
696.35,370.174,94.666,81.926,2.899
696.475,361.552,94.374,81.417,3.035
696.6,355.88,93.767,79.447,3.184
696.725,353.311,92.947,76.777,3.327
696.85,352.863,92.037,74.652,3.438
696.975,352.88,91.214,73.748,3.518
697.1,352.298,90.615,73.898,3.544
697.225,351.638,90.352,74.601,3.47
697.35,352.84,90.564,75.471,3.393
697.475,358.281,91.179,76.684,3.301
697.6,368.709,92.132,78.758,3.205
697.725,380.376,93.333,81.862,3.114
697.85,388.214,94.678,85.485,3.039
697.975,387.522,96.042,88.538,2.983
698.1,377.467,97.354,89.989,2.95
698.225,362.89,98.55,89.197,2.944
698.35,347.942,99.518,85.911,2.975
698.475,335.553,100.206,81.309,3.038
698.6,327.23,100.579,76.263,3.124
698.725,322.917,100.65,71.605,3.217
698.85,321.32,100.435,68.45,3.292
698.975,321.857,100.045,67.224,3.335
699.1,324.082,99.547,67.9,3.341
699.225,327.319,99.008,70.072,3.317
699.35,331.522,98.493,73.22,3.273
699.475,337.359,98.046,76.5,3.227
699.6,345.477,97.684,79.631,3.188
699.725,355.367,97.396,82.231,3.166
699.85,364.829,97.168,83.655,3.172
699.975,370.643,96.943,84.025,3.21
700.1,370.683,96.648,83.758,3.286
700.225,364.021,96.192,83.313,3.41
700.35,355.676,95.47,82.781,3.635
700.475,351.633,94.51,82.016,3.897
700.6,354.501,93.369,80.869,4.252
700.725,363.872,92.138,79.312,4.721
700.85,377.444,90.908,77.612,5.355
700.975,391.832,89.736,75.941,6.162
701.1,402.297,88.669,74.381,7.155
701.225,406.503,87.752,73.078,8.371
701.35,404.61,87.045,72.037,9.869
701.475,400.344,86.518,71.022,11.526
701.6,397.391,86.14,69.93,13.268
701.725,399.658,85.853,68.91,14.928
701.85,407.438,85.616,68.29,16.155
701.975,415.7,85.41,68.144,16.719
702.1,417.771,85.236,68.349,16.484
702.225,408.777,85.088,68.613,15.538
702.35,393.126,84.982,68.482,14.168
702.475,377.988,84.943,67.991,12.796
702.6,376.845,84.999,67.491,11.602
702.725,359.994,85.169,67.208,10.649
702.85,353.96,85.467,67.23,9.96
702.975,351.2,85.842,67.509,9.431
703.1,353.923,86.254,68.208,9.034
703.225,360.779,86.663,69.467,8.738
703.35,367.048,86.992,71.123,8.551
703.475,370.404,87.185,72.518,8.459
703.6,371.93,87.21,72.84,8.465
703.725,373.775,87.067,71.772,8.557
703.85,376.074,86.775,70.515,8.69
703.975,377.33,86.412,70.879,8.785
704.1,376.406,86.015,73.51,8.774
704.225,376.321,85.615,77.516,8.616
704.35,371.715,85.252,80.506,8.324
704.475,366.346,84.932,80.926,8.013
704.6,355.374,84.649,78.706,7.772
704.725,339.735,84.414,74.899,7.657
704.85,323.252,84.295,71.171,7.725
704.975,312.102,84.325,68.511,7.967
705.1,310.477,84.511,66.945,8.39
705.225,316.467,84.813,66.15,9.007
705.35,324.448,85.194,65.846,9.875
705.475,327.139,85.636,65.969,10.993
705.6,323.107,86.163,66.463,12.468
705.725,317.361,86.778,67.233,14.441
705.85,315.96,87.432,67.882,17.176
705.975,316.244,88.051,67.859,20.604
706.1,324.28,88.61,67.181,24.414
706.225,321.404,89.142,66.19,27.53
706.35,309.819,89.704,65.019,28.167
706.475,292.925,90.298,63.662,26.076
706.6,277.304,90.889,61.915,22.122
706.725,266.683,91.435,60.008,17.805
706.85,262.83,91.901,58.715,14.233
706.975,265.101,92.315,58.627,11.471
707.1,271.399,92.728,59.858,9.366
707.225,280.442,93.201,61.957,7.765
707.35,291.072,93.805,64.605,6.607
707.475,301.67,94.544,67.467,5.7
707.6,309.017,95.41,70.281,4.995
707.725,315.418,96.369,72.731,4.459
707.85,322.114,97.353,74.356,4.071
707.975,328.427,98.286,75.152,3.779
708.1,332.337,99.113,75.352,3.537
708.225,332.506,99.787,75.398,3.365
708.35,329.363,100.247,75.798,3.254
708.475,326.075,100.528,76.396,3.174
708.6,324.756,100.659,76.893,3.11
708.725,326.464,100.688,77.083,3.051
708.85,331.861,100.674,76.962,2.99
708.975,339.631,100.681,77.039,2.926
709.1,348.393,100.726,77.791,2.863
709.225,356.656,100.797,79.267,2.805
709.35,364.241,100.862,81.101,2.771
709.475,373.239,100.877,82.483,2.77
709.6,385.347,100.806,83.032,2.812
709.725,400.24,100.613,83,2.908
709.85,415.35,100.206,83.182,3.08
709.975,429.231,99.547,84.392,3.335
710.1,443.179,98.609,86.602,3.706
710.225,458.845,97.414,88.867,4.176
710.35,474.37,96.012,89.213,4.848
710.475,483.91,94.519,86.648,5.798
710.6,482.736,92.999,81.469,7.128
710.725,470.322,91.51,75.217,9.045
710.85,450.221,90.156,70.226,12.028
710.975,428.973,88.988,67.614,16.401
711.1,408.645,88.019,67.284,22.612
711.225,389.255,87.239,68.464,30.162
711.35,370.831,86.669,70.323,37.123
711.475,354.563,86.269,71.987,41.509
711.6,342.513,86.031,73.097,43.022
711.725,336.6,85.952,73.504,42.642
711.85,337.967,86.07,73.026,41.547
711.975,342.875,86.383,71.985,40.594
712.1,347.434,86.899,70.699,39.946
712.225,348.037,87.595,69.411,39.432
712.35,341.926,88.425,68.429,38.857
712.475,330.781,89.308,67.832,38.267
712.6,316.437,90.205,67.548,37.737
712.725,301.093,91.06,67.299,37.376
712.85,288.186,91.756,66.948,37.321
712.975,281.471,92.236,66.431,37.559
713.1,283.81,92.471,65.649,38.106
713.225,294.535,92.469,64.832,38.954
713.35,306.73,92.237,64.633,39.958
713.475,310.005,91.852,65.213,40.883
713.6,299.212,91.357,66.329,41.601
713.725,276.955,90.81,67.443,42.128
713.85,254.457,90.271,67.779,42.413
713.975,243.449,89.763,67.165,42.307
714.1,247.935,89.284,66.021,41.25
714.225,265.215,88.823,64.863,38.45
714.35,289.535,88.358,63.839,33.285
714.475,314.604,87.87,62.878,26.986
714.6,338.139,87.35,62.213,20.72
714.725,358.503,86.808,62.086,15.531
714.85,373.469,86.301,62.619,11.937
714.975,383.988,85.889,63.552,9.39
715.1,391.756,85.624,64.546,7.578
715.225,397.93,85.554,65.23,6.312
715.35,400.871,85.762,65.856,5.426
715.475,398.322,86.219,67.317,4.787
715.6,389.071,86.896,70.005,4.323
715.725,374.256,87.735,73.558,3.985
715.85,356.978,88.654,76.666,3.754
715.975,341.002,89.56,78.071,3.591
716.1,328.275,90.387,77.714,3.448
716.225,320.13,91.068,76.589,3.359
716.35,318.332,91.519,75.703,3.305
716.475,321.964,91.776,74.935,3.259
716.6,329.908,91.897,73.709,3.209
716.725,340.236,91.969,71.859,3.151
716.85,350.511,92.079,69.882,3.081
716.975,358.576,92.261,68.877,3.006
717.1,362.982,92.519,69.633,2.928
717.225,363.055,92.829,72.066,2.854
717.35,358.939,93.136,75.207,2.79
717.475,353.102,93.386,77.586,2.741
717.6,347.072,93.539,78.167,2.713
717.725,341.797,93.56,76.862,2.713
717.85,338.068,93.419,74.817,2.749
717.975,336.036,93.185,73.449,2.818
718.1,335.332,92.915,73.066,2.918
718.225,334.388,92.653,73.374,3.041
718.35,330.442,92.413,73.977,3.175
718.475,323.629,92.181,74.963,3.3
718.6,317.353,91.954,76.512,3.406
718.725,317.008,91.763,78.178,3.487
718.85,327.598,91.661,78.839,3.572
718.975,344.485,91.641,78.312,3.598
719.1,360.641,91.68,77.193,3.598
719.225,370.15,91.749,76.328,3.573
719.35,371.764,91.812,76.59,3.517
719.475,372.063,91.848,77.884,3.434
719.6,375.428,91.841,79.526,3.377
719.725,381.739,91.761,80.903,3.327
719.85,385.765,91.517,81.62,3.29
719.975,383.374,91.061,81.624,3.266
720.1,374.694,90.365,81,3.255
720.225,363.368,89.472,79.936,3.251
720.35,354.828,88.512,78.551,3.252
720.475,351.256,87.645,77.058,3.256
720.6,352.133,86.955,75.685,3.266
720.725,355.554,86.474,74.72,3.284
720.85,359.216,86.238,74.316,3.304
720.975,361.548,86.168,74.345,3.314
721.1,362.464,86.211,74.591,3.307
721.225,363.035,86.333,74.854,3.283
721.35,364.986,86.523,75.214,3.248
721.475,368.196,86.753,75.758,3.216
721.6,371.175,86.989,76.441,3.195
721.725,372.314,87.162,77.212,3.185
721.85,371.036,87.175,77.915,3.175
721.975,369.045,87.067,78.393,3.152
722.1,367.755,86.919,78.503,3.107
722.225,367.837,86.793,78.103,3.035
722.35,369.784,86.687,76.93,2.948
722.475,373.89,86.545,75.419,2.871
722.6,380.661,86.347,74.41,2.825
722.725,389.039,86.141,74.698,2.825
722.85,394.752,86.031,76.802,2.891
722.975,394.394,86.012,79.656,3.019
723.1,388.195,85.992,82.195,3.214
723.225,379.99,85.873,83.873,3.488
723.35,375.881,85.586,84.547,3.893
723.475,377.994,85.164,84.192,4.392
723.6,385.067,84.612,82.389,5.076
723.725,394.145,83.927,79.014,6.035
723.85,402.314,83.09,74.695,7.448
723.975,408.318,82.158,70.781,9.47
724.1,411.57,81.19,68.197,12.248
724.225,411.545,80.233,67.134,15.912
724.35,407.833,79.31,67.115,20.351
724.475,402.354,78.421,67.324,24.464
724.6,395.748,77.583,67.554,27.157
724.725,387.894,76.838,67.665,28.209
724.85,379.859,76.289,67.49,27.915
724.975,374.478,75.948,66.97,27.033
725.1,374.054,75.807,66.081,25.819
725.225,378.904,75.861,64.941,24.216
725.35,386.893,76.15,63.558,21.953
725.475,393.845,76.626,61.941,19.15
725.6,397.629,77.246,60.191,16.097
725.725,398.27,77.938,58.821,13.183
725.85,396.318,78.587,59.027,10.758
725.975,392.485,79.15,60.949,8.81
726.1,387.541,79.656,63.984,7.322
726.225,382.205,80.138,66.894,6.232
726.35,374.758,80.613,68.224,5.436
726.475,362.451,81.104,68.446,4.851
726.6,344.571,81.634,68.703,4.425
726.725,324.684,82.212,69.84,4.127
726.85,311.45,82.836,71.788,3.954
726.975,309.567,83.465,73.472,3.884
727.1,318.36,84.081,74.379,3.916
727.225,332.416,84.671,74.403,4.058
727.35,344.657,85.22,74.018,4.34
727.475,352.089,85.737,74.195,4.759
727.6,355.187,86.23,75.094,5.323
727.725,355.759,86.693,76.12,6.025
727.85,355.909,87.113,76.306,6.803
727.975,357.275,87.53,75.377,7.558
728.1,359.578,87.993,73.665,8.204
728.225,360.677,88.548,71.624,8.637
728.35,355.604,89.256,69.596,8.712
728.475,342.213,90.114,67.613,8.457
728.6,322.125,91.128,65.892,7.938
728.725,301.049,92.292,65.154,7.271
728.85,287.014,93.587,66.15,6.584
728.975,281.957,94.923,67.945,5.954
729.1,283.751,96.223,69.255,5.413
729.225,287.845,97.417,69.111,4.983
729.35,289.3,98.395,67.667,4.666
729.475,287.108,99.11,66.343,4.426
729.6,282.678,99.512,66.014,4.247
729.725,278.633,99.593,66.721,4.116
729.85,278.985,99.337,67.761,4.036
729.975,285.104,98.835,68.364,4.001
730.1,296.155,98.108,68.332,4.016
730.225,309.44,97.15,67.891,4.09
730.35,322.004,95.901,67.915,4.243
730.475,333.218,94.398,69.304,4.471
730.6,343.731,92.678,72.556,4.787
730.725,353.647,90.825,77.25,5.211
730.85,361.461,88.978,81.7,5.802
730.975,366.729,87.247,84.153,6.578
731.1,370.791,85.682,83.865,7.594
731.225,376.106,84.337,81.337,8.963
731.35,384.471,83.351,77.833,10.843
731.475,393.694,82.738,74.531,13.174
731.6,400.55,82.484,71.764,15.904
731.725,402.927,82.502,69.628,18.678
731.85,400.947,82.674,68.655,20.774
731.975,397.814,82.889,68.921,21.853
732.1,395.189,83.128,70.345,21.916
732.225,393.217,83.371,72.587,21.224
732.35,390.783,83.572,74.679,19.977
732.475,387.12,83.708,75.663,18.404
732.6,382.088,83.794,75.256,16.546
732.725,375.805,83.874,73.755,14.502
732.85,368.499,83.995,71.927,12.496
732.975,360.763,84.183,70.596,10.689
733.1,352.739,84.485,70.202,9.112
733.225,344.197,84.944,70.589,7.795
733.35,335.071,85.61,71.53,6.773
733.475,326.951,86.435,72.941,5.944
733.6,322.406,87.361,74.708,5.277
733.725,323.339,88.296,76.244,4.77
733.85,329.045,89.136,76.814,4.411
733.975,334.323,89.831,76.528,4.153
734.1,335.774,90.333,76.027,3.982
734.225,333.736,90.591,76.077,3.885
734.35,333.887,90.489,76.966,3.861
734.475,341.059,90.059,77.78,3.89
734.6,354.315,89.377,77.696,3.969
734.725,367.164,88.604,76.601,4.097
734.85,369.376,87.927,75.111,4.284
734.975,359.453,87.374,73.846,4.532
735.1,342.294,86.89,73.018,4.853
735.225,326.934,86.434,72.428,5.257
735.35,323.177,86.028,71.776,5.774
735.475,329.695,85.701,71.057,6.395
735.6,340.678,85.429,70.596,7.125
735.725,349.328,85.123,70.898,8.015
735.85,351.311,84.653,72.147,9.185
735.975,350.209,84.046,73.423,10.673
736.1,350.844,83.384,73.617,12.572
736.225,356.131,82.739,72.055,15.059
736.35,365.561,82.163,69.026,18.439
736.475,375.058,81.65,65.973,22.653
736.6,382.493,81.198,63.918,27.365
736.725,387.702,80.81,63.254,31.978
736.85,391.921,80.502,63.809,35.526
736.975,395.872,80.248,64.89,37.618
737.1,399.013,80.013,66.042,38.366
737.225,400.588,79.776,66.85,38.054
737.35,400.182,79.546,66.959,36.686
737.475,398.515,79.357,66.608,34.322
737.6,396.008,79.251,66.252,30.782
737.725,392.541,79.269,66.292,26.096
737.85,386.979,79.465,66.834,20.77
737.975,379.006,79.819,67.71,16.072
738.1,369.495,80.321,68.511,12.421
738.225,360.304,80.942,68.784,9.736
738.35,353.357,81.628,68.539,7.843
738.475,348.525,82.29,68.459,6.481
738.6,344.917,82.872,69.313,5.469
738.725,341.91,83.345,71.554,4.72
738.85,339.517,83.696,74.835,4.189
738.975,337.734,83.939,77.985,3.789
739.1,336.193,84.079,79.996,3.461
739.225,334.768,84.158,80.235,3.229
739.35,334.574,84.23,78.602,3.095
739.475,336.947,84.316,76.286,3.024
739.6,341.702,84.402,74.154,3.004
739.725,346.007,84.457,72.779,3.02
739.85,345.271,84.406,72.871,3.059
739.975,338.847,84.228,74.806,3.1
740.1,331.112,83.913,78.279,3.141
740.225,328.572,83.458,82.084,3.185
740.35,336.293,82.845,84.051,3.248
740.475,351.546,82.138,83.31,3.343
740.6,366.016,81.417,80.556,3.508
740.725,372.823,80.795,77.717,3.706
740.85,370.003,80.396,76.767,3.971
740.975,362.316,80.181,77.44,4.312
741.1,356.685,80.092,78.479,4.745
741.225,356.642,80.087,78.617,5.295
741.35,362.333,80.151,76.817,6.041
741.475,371.54,80.253,73.729,7.014
741.6,382.206,80.336,70.31,8.318
741.725,393.906,80.302,67.554,10.093
741.85,405.991,80.04,66.151,12.474
741.975,416.617,79.615,65.605,15.486
742.1,423.527,79.086,65.332,18.974
742.225,425.561,78.469,64.906,22.494
742.35,422.068,77.741,64.522,25.236
742.475,412.086,76.941,64.474,26.881
742.6,396.341,76.158,64.429,27.682
742.725,377.115,75.517,63.827,27.948
742.85,359.527,75.157,62.433,27.876
742.975,349.873,75.025,60.765,27.57
743.1,349.683,75.085,59.245,26.827
743.225,356.435,75.334,58.347,25.347
743.35,364.385,75.831,58.598,22.738
743.475,367.279,76.534,59.694,19.51
743.6,363.991,77.37,61.431,16.169
743.725,356.001,78.218,63.528,13.167
743.85,346.5,78.964,65.223,10.841
743.975,340.143,79.64,65.951,9.047
744.1,339.847,80.302,65.953,7.686
744.225,345.838,80.971,66.096,6.672
744.35,355.093,81.603,67.276,5.913
744.475,361.681,82.102,69.684,5.307
744.6,361.955,82.37,73.17,4.835
744.725,355.436,82.373,76.96,4.472
744.85,344.323,82.171,79.561,4.222
744.975,332.159,81.901,80.273,4.059
745.1,321.483,81.591,79.33,3.975
745.225,313.156,81.241,77.63,3.959
745.35,307.583,80.856,76.155,3.999
745.475,306.03,80.504,75.26,4.06
745.6,308.341,80.269,74.568,4.117
745.725,313.354,80.193,73.569,4.15
745.85,319.119,80.234,72.12,4.142
745.975,323.857,80.293,70.387,4.106
746.1,327.619,80.342,68.415,4.055
746.225,331.348,80.381,66.545,3.998
746.35,335.731,80.426,65.42,3.949
746.475,340.669,80.499,65.334,3.918
746.6,345.322,80.617,66.264,3.917
746.725,349.02,80.792,67.971,3.956
746.85,351.645,81.005,70.199,4.054
746.975,353.57,81.176,72.511,4.215
747.1,355.555,81.245,74.576,4.449
747.225,358.23,81.183,75.881,4.767
747.35,361.843,80.982,75.712,5.193
747.475,366.05,80.693,74.692,5.71
747.6,369.921,80.332,73.649,6.294
747.725,372.651,79.892,73.031,6.88
747.85,373.993,79.366,72.506,7.364
747.975,374.246,78.822,71.516,7.644
748.1,374.084,78.312,70.101,7.649
748.225,373.695,77.866,68.688,7.372
748.35,372.188,77.511,67.69,6.864
748.475,367.499,77.238,66.896,6.282
748.6,358.711,77.074,66.092,5.696
748.725,347.341,77.087,65.363,5.157
748.85,336.24,77.414,65.365,4.688
748.975,328.231,78.024,66.23,4.279
749.1,323.84,78.861,67.458,3.928
749.225,321.149,79.869,68.509,3.638
749.35,322.797,81.041,69.397,3.381
749.475,330.697,82.327,70.54,3.223
749.6,343.928,83.667,72.078,3.131
749.725,357.934,84.934,73.835,3.098
749.85,366.455,85.908,75.431,3.116
749.975,365.537,86.535,76.667,3.159
750.1,359.182,86.823,77.59,3.214
750.225,351.615,86.816,78.351,3.272
750.35,344.832,86.527,78.893,3.329
750.475,338.031,86.055,79.064,3.394
750.6,330.364,85.479,78.773,3.506
750.725,323.286,84.939,78.156,3.628
750.85,319.598,84.657,77.517,3.781
750.975,320.893,84.688,77.035,3.963
751.1,325.519,84.991,76.302,4.156
751.225,331.459,85.472,74.827,4.333
751.35,336.588,86.032,72.614,4.447
751.475,338.704,86.59,70.529,4.482
751.6,336.771,87.118,69.36,4.438
751.725,332.295,87.58,69.453,4.328
751.85,330.472,87.911,70.554,4.163
751.975,336.522,88.162,72.049,3.967
752.1,350.921,88.447,74.014,3.748
752.225,369.521,88.865,76.886,3.484
752.35,385.348,89.472,81.076,3.247
752.475,394.173,90.188,85.75,3.033
752.6,396.206,90.928,89.808,2.856
752.725,393.346,91.602,92.279,2.727
752.85,387.01,92.087,92.895,2.666
752.975,378.631,92.319,92.814,2.668
753.1,369.701,92.234,92.705,2.735
753.225,361.714,91.81,92.552,2.87
753.35,356.132,91.028,91.689,3.088
753.475,353.002,90.008,89.562,3.398
753.6,351.722,88.834,85.98,3.77
753.725,351.04,87.597,81.41,4.182
753.85,348.244,86.397,76.821,4.646
753.975,341.096,85.31,73.141,5.111
754.1,329.462,84.387,70.902,5.518
754.225,316.629,83.65,70.121,5.798
754.35,309.261,83.114,70.261,5.863
754.475,310.925,82.699,70.002,5.745
754.6,319.936,82.36,68.64,5.498
754.725,332.584,82.091,66.192,5.186
754.85,344.641,81.972,63.412,4.864
754.975,354.072,82.022,61.705,4.563
755.1,360.365,82.215,61.937,4.293
755.225,363.403,82.504,63.95,4.061
755.35,363.202,82.861,66.684,3.879
755.475,361.789,83.263,68.907,3.739
755.6,360.854,83.686,70.25,3.638
755.725,361.212,84.053,70.839,3.576
755.85,362.181,84.205,71.046,3.563
755.975,362.025,84.115,71.262,3.591
756.1,359.683,83.833,71.56,3.662
756.225,355.282,83.436,71.953,3.773
756.35,350.66,82.97,72.265,3.928
756.475,348.275,82.465,72.252,4.115
756.6,349.14,81.942,71.853,4.329
756.725,352.561,81.463,71.219,4.565
756.85,356.244,81.134,70.602,4.826
756.975,357.918,80.961,70.126,5.112
757.1,356.527,80.92,69.595,5.427
757.225,351.961,80.977,68.866,5.771
757.35,345.156,81.128,67.914,6.13
757.475,338.959,81.372,67.174,6.438
757.6,336.039,81.716,67.038,6.629
757.725,337.95,82.129,67.588,6.656
757.85,343.726,82.555,68.917,6.483
757.975,348.858,82.976,70.79,6.191
758.1,350.27,83.415,72.806,5.846
758.225,347.169,83.91,74.382,5.51
758.35,340.704,84.526,74.766,5.223
758.475,333.285,85.252,74.301,4.972
758.6,325.647,86.04,73.76,4.738
758.725,317.958,86.826,73.943,4.502
758.85,310.906,87.557,75.159,4.255
758.975,306.566,88.245,76.476,4.005
759.1,307.46,88.915,76.99,3.768
759.225,315.184,89.595,76.267,3.553
759.35,329.79,90.306,74.827,3.333
759.475,346.412,91.058,73.958,3.184
759.6,360.882,91.859,74.325,3.074
759.725,370.041,92.696,76.018,2.998
759.85,371.627,93.5,78.936,2.965
759.975,368.16,94.163,82.425,2.972
760.1,362.412,94.581,85.744,3.024
760.225,358.15,94.663,88.052,3.126
760.35,360.312,94.263,88.45,3.294
760.475,369.255,93.417,87.247,3.531
760.6,382.465,92.171,84.938,3.802
760.725,394.815,90.664,82.106,4.074
760.85,399.768,89.114,79.102,4.328
760.975,396.51,87.72,76.219,4.525
761.1,386.822,86.588,73.849,4.63
761.225,373.912,85.777,72.436,4.619
761.35,360.979,85.372,72.441,4.474
761.475,350.237,85.311,73.556,4.244
761.6,342.874,85.559,75.435,3.969
761.725,339.399,86.048,77.586,3.688
761.85,340.279,86.732,79.272,3.402
761.975,344.139,87.538,80.03,3.199
762.1,349.253,88.423,79.851,3.061
762.225,352.543,89.311,79.184,2.985
762.35,349.013,90.096,78.618,2.971
762.475,338.038,90.723,78.187,2.996
762.6,322.312,91.162,77.655,3.045
762.725,307.581,91.389,76.87,3.102
762.85,301.438,91.356,75.975,3.152
762.975,304.703,91.12,75.016,3.186
763.1,314.569,90.755,74.036,3.201
763.225,326.678,90.358,73.412,3.199
763.35,337.95,90.051,74.069,3.183
763.475,348.698,89.896,76.318,3.169
763.6,359.789,89.925,79.918,3.168
763.725,370.457,90.109,83.825,3.192
763.85,377.434,90.339,86.359,3.258
763.975,379.066,90.451,86.806,3.374
764.1,376.476,90.311,85.518,3.576
764.225,373.649,89.838,83.654,3.824
764.35,375.727,88.969,82.584,4.154
764.475,382.431,87.823,82.204,4.565
764.6,389.823,86.51,81.648,5.052
764.725,392.656,85.172,80.07,5.594
764.85,386.509,83.998,77.067,6.152
764.975,374.12,83.091,73.681,6.645
765.1,359.677,82.529,70.813,7.005
765.225,346.84,82.355,68.912,7.158
765.35,336.969,82.597,68.297,7.015
765.475,328.053,83.082,68.818,6.649
765.6,318.893,83.661,70.443,6.14
765.725,310.41,84.191,72.527,5.586
765.85,306.126,84.553,73.654,5.086
765.975,307.276,84.754,73.355,4.669
766.1,312.762,84.803,71.909,4.341
766.225,319.46,84.708,70.353,4.092
766.35,323.671,84.475,69.959,3.911
766.475,324.542,84.187,70.751,3.767
766.6,322.838,83.917,72.345,3.643
766.725,320.36,83.723,74.25,3.493
766.85,319.712,83.633,75.836,3.378
766.975,322.209,83.606,76.528,3.276
767.1,327.992,83.618,75.78,3.193
767.225,335.802,83.68,73.584,3.128
767.35,342.827,83.862,70.92,3.083
767.475,346.998,84.204,69.455,3.056
767.6,348.101,84.716,70.103,3.042
767.725,347.376,85.36,72.617,3.04
767.85,346.007,86.062,75.655,3.049
767.975,344.097,86.737,77.864,3.062
768.1,341.329,87.331,79.173,3.078
768.225,337.939,87.813,80.505,3.092
768.35,335.684,88.154,82.967,3.101
768.475,336.397,88.392,86.04,3.106
768.6,340.809,88.579,88.728,3.106
768.725,348.369,88.791,90.42,3.105
768.85,357.428,89.106,91.258,3.105
768.975,365.691,89.507,91.883,3.11
769.1,371.46,89.965,92.331,3.12
769.225,373.114,90.429,92.119,3.133
769.35,368.072,90.808,90.542,3.142
769.475,356.917,91.03,87.987,3.143
769.6,341.571,91.029,85.353,3.133
769.725,326.274,90.771,83.538,3.115
769.85,318.225,90.272,82.948,3.094
769.975,320.197,89.709,83.278,3.073
770.1,331.154,89.221,84.367,3.055
770.225,346.411,88.899,85.952,3.038
770.35,358.308,88.807,87.629,3.02
770.475,362.432,88.9,88.907,2.998
770.6,358.881,89.174,89.605,2.975
770.725,351.676,89.644,89.667,2.959
770.85,347.475,90.28,89.13,2.967
770.975,349.618,90.899,88.281,3.013
771.1,357.824,91.348,87.082,3.112
771.225,369.501,91.53,85.898,3.279
771.35,381.749,91.387,85.368,3.553
771.475,393.082,91.01,85.155,3.935
771.6,402.969,90.443,84.478,4.413
771.725,410.555,89.703,82.691,5.041
771.85,414.415,88.805,79.773,5.872
771.975,415.281,87.868,76.738,6.846
772.1,414.167,86.988,74.361,7.867
772.225,411.869,86.241,72.877,8.763
772.35,408.163,85.693,71.935,9.193
772.475,402.89,85.317,71.161,9.082
772.6,396.041,85.087,70.475,8.542
772.725,387.707,84.989,69.753,7.803
772.85,377.265,85.047,69.157,7.082
772.975,364.632,85.205,69.39,6.471
773.1,350.055,85.409,70.948,5.961
773.225,334.641,85.614,73.489,5.547
773.35,320.788,85.799,76.045,5.239
773.475,310.608,85.973,77.747,5.01
773.6,305.637,86.123,78.257,4.86
773.725,306.393,86.185,77.71,4.783
773.85,312.607,86.039,76.487,4.785
773.975,321.138,85.694,75.304,4.844
774.1,329.478,85.198,74.646,4.942
774.225,335.898,84.619,74.883,5.057
774.35,339.896,84.013,75.896,5.17
774.475,343.126,83.41,76.67,5.279
774.6,346.855,82.829,76.728,5.394
774.725,351.179,82.304,76.101,5.534
774.85,354.285,81.891,75.105,5.737
774.975,354.192,81.586,74.054,6.023
775.1,350.451,81.363,73.044,6.405
775.225,344.948,81.179,72.021,6.887
775.35,341.73,80.965,70.725,7.488
775.475,342.783,80.681,69.215,8.162
775.6,347.259,80.306,67.895,8.858
775.725,352.627,79.849,67.422,9.493
775.85,356.566,79.359,68.466,9.915
775.975,359.273,78.916,70.515,10.063
776.1,361.683,78.575,72.914,9.924
776.225,364.094,78.368,74.888,9.537
776.35,365.195,78.334,75.808,8.969
776.475,363.487,78.449,75.742,8.331
776.6,358.469,78.71,74.759,7.678
776.725,351.222,79.103,72.925,7.045
776.85,344.013,79.606,70.533,6.464
776.975,338.47,80.15,68.697,5.931
777.1,334.566,80.693,68.101,5.456
777.225,331.304,81.21,68.809,5.052
777.35,327.766,81.676,70.775,4.723
777.475,324.53,82.09,73.351,4.452
777.6,323.058,82.454,76.118,4.232
777.725,324.264,82.781,78.623,4.058
777.85,327.401,83.08,80.147,3.932
777.975,330.075,83.356,80.463,3.838
778.1,331.076,83.589,79.662,3.77
778.225,330.403,83.747,78.29,3.721
778.35,328.817,83.822,76.873,3.685
778.475,327.041,83.865,75.519,3.653
778.6,324.857,83.928,74.209,3.621
778.725,321.8,84.054,72.974,3.584
778.85,317.838,84.291,72.186,3.528
778.975,314.378,84.647,72.384,3.442
779.1,313.219,85.142,74.178,3.37
779.225,315.759,85.79,78.046,3.285
779.35,322.579,86.599,84.047,3.191
779.475,331.085,87.492,91.067,3.094
779.6,338.786,88.393,98.043,2.998
779.725,343.895,89.226,103.649,2.909
779.85,345.5,89.901,106.15,2.833
779.975,344.681,90.413,105.623,2.771
780.1,342.235,90.772,103.073,2.723
780.225,338.894,91.006,100.441,2.687
780.35,335.47,91.133,99.912,2.666
780.475,332.831,91.203,100.999,2.655
780.6,331.414,91.249,101.68,2.655
780.725,331.4,91.301,100.223,2.668
780.85,333.028,91.393,96.5,2.696
780.975,335.528,91.529,92.514,2.739
781.1,337.398,91.703,89.543,2.798
781.225,335.954,91.906,87.868,2.871
781.35,327.171,92.13,86.873,2.954
781.475,312.022,92.366,85.785,3.04
781.6,294.473,92.606,84.891,3.127
781.725,280.805,92.835,85.13,3.213
781.85,278.03,93.024,88.642,3.297
781.975,284.521,93.172,95.854,3.381
782.1,295.694,93.285,105.124,3.461
782.225,306.089,93.369,112.938,3.564
782.35,311.357,93.423,114.477,3.609
782.475,312.357,93.439,109.71,3.625
782.6,311.047,93.41,101.025,3.608
782.725,309.406,93.333,91.943,3.564
782.85,310.109,93.202,85.725,3.471
782.975,315.258,93.02,82.478,3.417
783.1,325.439,92.782,81.446,3.383
783.225,337.893,92.488,81.912,3.374
783.35,345.206,92.128,83.408,3.389
783.475,342.514,91.719,85.167,3.413
783.6,329.868,91.266,86.692,3.431
783.725,312.202,90.77,87.479,3.432
783.85,298.228,90.239,86.573,3.409
783.975,293.46,89.707,83.862,3.368
784.1,299.079,89.209,79.802,3.317
784.225,312.863,88.773,75.595,3.262
784.35,330.18,88.402,73.101,3.207
784.475,344.969,88.06,73.151,3.154
784.6,353.915,87.758,75.779,3.099
784.725,355.909,87.536,79.889,3.039
784.85,351.634,87.434,83.431,2.978
784.975,345.51,87.386,85.155,2.922
785.1,341.274,87.323,84.967,2.877
785.225,342.182,87.198,83.639,2.853
785.35,350.337,87.001,82.798,2.859
785.475,361.323,86.764,83.705,2.897
785.6,369.29,86.481,86.723,2.971
785.725,369.063,86.121,92.015,3.085
785.85,358.019,85.665,100.41,3.246
785.975,341.341,85.172,111.292,3.464
786.1,323.193,84.668,123.689,3.711
786.225,307.088,84.142,136.731,3.971
786.35,297.419,83.553,151.434,4.266
786.475,296.739,82.892,169.172,4.603
786.6,306.646,82.181,188.441,4.996
786.725,325.31,81.48,203.305,5.462
786.85,346.904,80.856,203.14,6.028
786.975,364.085,80.29,186.585,6.665
787.1,373.945,79.761,158.217,7.345
787.225,377.595,79.265,126.96,8.016
787.35,377.771,78.834,102.238,8.564
787.475,376.934,78.49,85.67,8.926
787.6,374.277,78.224,75.431,9.077
787.725,367.917,77.978,69.24,9.047
787.85,356.625,77.685,65.941,8.886
787.975,343.765,77.355,64.089,8.679
788.1,333.764,77.023,63.129,8.469
788.225,330.271,76.715,63.026,8.284
788.35,335.297,76.425,64.261,8.156
788.475,345.343,76.113,66.889,8.093
788.6,357.276,75.765,70.69,8.118
788.725,368.41,75.403,74.71,8.255
788.85,376.434,75.058,77.279,8.555
788.975,381.176,74.744,77.288,9.022
789.1,383.393,74.461,74.387,9.681
789.225,384.658,74.205,69.675,10.51
789.35,386.766,73.987,65.565,11.439
789.475,389.76,73.818,63.77,12.25
789.6,392.378,73.699,64.53,12.645
789.725,393.305,73.611,66.883,12.344
789.85,391.788,73.532,69.017,11.231
789.975,388.603,73.462,69.684,9.756
790.1,384.121,73.427,69.065,8.259
790.225,378.421,73.481,68.273,6.983
790.35,371.456,73.694,68.512,6.013
790.475,364.311,74.064,69.611,5.257
790.6,358.399,74.588,70.914,4.699
790.725,355.069,75.254,71.757,4.295
790.85,355.081,76.026,72.079,4.025
790.975,356.522,76.816,72.896,3.841
791.1,357.327,77.554,74.636,3.726
791.225,355.704,78.178,76.779,3.665
791.35,350.633,78.609,78.463,3.65
791.475,344.349,78.854,79.547,3.666
791.6,339.95,78.924,79.981,3.714
791.725,340.361,78.872,79.529,3.794
791.85,346.913,78.811,77.912,3.912
791.975,355.441,78.863,75.606,4.06
792.1,361.191,79.075,73.301,4.226
792.225,360.146,79.435,71.945,4.39
792.35,349.731,79.918,72.26,4.515
792.475,334.156,80.494,73.313,4.579
792.6,318.522,81.175,74.26,4.572
792.725,308.088,81.958,74.842,4.501
792.85,307.773,82.796,75.259,4.382
792.975,315.881,83.599,75.855,4.248
793.1,329.319,84.316,76.733,4.111
793.225,343.666,84.944,77.702,3.975
793.35,353.87,85.499,78.427,3.843
793.475,358.411,85.998,78.602,3.717
793.6,357.699,86.4,78.21,3.599
793.725,353.391,86.642,77.473,3.463
793.85,347.368,86.644,76.798,3.395
793.975,341.557,86.45,76.608,3.364
794.1,336.609,86.119,76.931,3.37
794.225,332.47,85.726,77.486,3.41
794.35,329.047,85.329,77.862,3.489
794.475,325.687,84.943,78.074,3.591
794.6,321.629,84.596,78.779,3.655
794.725,316.541,84.344,80.412,3.693
794.85,311.708,84.243,82.337,3.682
794.975,309.982,84.259,83,3.631
795.1,313.47,84.372,81.679,3.549
795.225,322.461,84.565,78.88,3.408
795.35,335.324,84.857,76.2,3.298
795.475,347.814,85.24,75.174,3.197
795.6,356.995,85.674,76.055,3.108
795.725,361.033,86.074,78.101,3.031
795.85,358.987,86.34,80.343,2.971
795.975,353.906,86.46,82.312,2.927
796.1,348.825,86.419,83.939,2.906
796.225,346.017,86.192,84.901,2.912
796.35,345.446,85.699,84.9,2.959
796.475,343.849,84.967,84.037,3.048
796.6,338.799,84.041,82.431,3.182
796.725,330.051,83,80.588,3.366
796.85,319.539,81.914,79.219,3.636
796.975,310.127,80.847,78.643,3.906
797.1,303.189,79.853,78.745,4.21
797.225,299.716,78.987,78.951,4.526
797.35,301.887,78.336,78.311,4.814
797.475,309.447,77.906,76.66,5.034
797.6,320.926,77.696,74.512,5.154
797.725,333.141,77.689,72.466,5.162
797.85,341.55,77.915,71.132,5.054
797.975,344.435,78.333,70.576,4.886
798.1,341.864,78.89,70.731,4.7
798.225,335.696,79.495,71.267,4.532
798.35,329.089,80.042,71.82,4.411
798.475,325.332,80.489,72.327,4.341
798.6,326.329,80.833,72.642,4.322
798.725,332.208,81.09,72.76,4.348
798.85,341.008,81.223,72.946,4.414
798.975,348.808,81.214,73.327,4.504
799.1,353.174,81.069,73.848,4.611
799.225,353.156,80.837,74.37,4.724
799.35,348.502,80.594,74.843,4.82
799.475,341.054,80.379,75.128,4.881
799.6,332.329,80.169,75.213,4.895
799.725,324.622,79.91,75.31,4.859
799.85,321.81,79.562,75.235,4.777
799.975,325.251,79.151,74.326,4.675
800.1,334.093,78.69,72.145,4.571
800.225,345.188,78.166,69.071,4.483
800.35,354.043,77.539,66.684,4.43
800.475,358.745,76.827,66.204,4.415
800.6,359.764,76.091,67.726,4.433
800.725,358.326,75.423,70.323,4.475
800.85,354.175,74.904,72.501,4.521
800.975,346.614,74.537,73.637,4.55
801.1,335.699,74.347,73.95,4.554
801.225,323.967,74.38,73.913,4.534
801.35,316.683,74.721,73.596,4.493
801.475,315.909,75.301,72.749,4.442
801.6,320.108,76.025,71.286,4.389
801.725,325.315,76.77,69.682,4.346
801.85,327.276,77.427,69.048,4.328
801.975,325.703,77.956,70.016,4.338
802.1,321.803,78.307,72.259,4.383
802.225,316.739,78.419,74.621,4.464
802.35,311.464,78.183,75.58,4.594
802.475,307.754,77.656,74.743,4.777
802.6,308.036,76.933,72.442,5.019
802.725,314.135,76.149,69.621,5.326
802.85,325.593,75.407,67.219,5.715
802.975,337.132,74.744,65.705,6.167
803.1,344.251,74.192,65.103,6.646
803.225,344.466,73.775,65.07,7.124
803.35,338.291,73.557,64.933,7.569
803.475,331.181,73.51,64.529,7.959
803.6,327.118,73.572,64.328,8.284
803.725,327.897,73.65,64.682,8.55
803.85,333.222,73.691,65.295,8.749
803.975,340.372,73.698,65.571,8.867
804.1,347.902,73.663,65.23,8.854
804.225,354.653,73.58,64.402,8.646
804.35,358.733,73.442,63.732,8.156
804.475,359.529,73.299,63.599,7.467
804.6,358.089,73.264,63.909,6.682
804.725,357.406,73.477,64.497,5.889
804.85,361.523,74.052,65.62,5.182
804.975,369.996,74.905,67.533,4.596
805.1,379.718,75.999,70.227,4.124
805.225,386.356,77.288,73.447,3.743
805.35,385.655,78.714,76.836,3.4
805.475,378.637,80.144,79.99,3.135
805.6,367.805,81.436,82.622,2.92
805.725,357.301,82.445,84.471,2.754
805.85,353.065,83.057,85.409,2.652
805.975,356.876,83.365,85.623,2.609
806.1,366.8,83.409,85.237,2.628
806.225,377.402,83.233,84.249,2.707
806.35,381.644,82.885,82.631,2.844
806.475,379.043,82.461,81.098,3.008
806.6,373.226,82.016,80.307,3.171
806.725,369.378,81.597,80.497,3.305
806.85,371.889,81.284,81.123,3.388
806.975,379.184,81.129,81.168,3.433
807.1,388.053,81.18,80.468,3.463
807.225,394.694,81.446,79.66,3.537
807.35,394.749,81.902,80.203,3.598
807.475,388.084,82.429,82.072,3.681
807.6,376.954,82.935,84.148,3.78
807.725,366.112,83.33,85.426,3.889
807.85,361.707,83.478,85.446,4.014
807.975,364.423,83.336,84.661,4.174
808.1,371.746,82.883,83.557,4.396
808.225,379.521,82.153,82.435,4.713
808.35,383.847,81.201,81.153,5.177
808.475,384.731,80.164,79.427,5.791
808.6,383.633,79.13,77.236,6.531
808.725,382.342,78.172,74.682,7.343
808.85,382.535,77.381,72.143,8.154
808.975,384.456,76.757,70.349,8.865
809.1,387.486,76.278,69.986,9.436
809.225,390.47,75.897,71.336,9.899
809.35,391.997,75.596,74.022,10.336
809.475,391.625,75.371,76.624,10.875
809.6,389.313,75.249,78.36,11.607
809.725,385.51,75.248,78.935,12.582
809.85,381.072,75.393,78.226,13.801
809.975,377.044,75.663,76.541,14.992
810.1,374.094,76.06,74.064,15.715
810.225,372.641,76.592,71.104,15.477
810.35,373.225,77.269,68.32,14.031
810.475,375.493,78.041,66.652,12.086
810.6,378.782,78.877,66.647,10.165
810.725,381.418,79.759,68.103,8.508
810.85,379.348,80.688,70.531,7.282
810.975,370.052,81.644,73.067,6.352
811.1,353.102,82.593,75.264,5.625
811.225,331.134,83.503,77.048,5.051
811.35,309.959,84.347,78.362,4.602
811.475,294.99,85.129,78.902,4.227
811.6,288.777,85.83,78.194,3.912
811.725,291.344,86.421,76.066,3.65
811.85,301.701,86.843,72.937,3.401
811.975,315.936,87.099,70.182,3.224
812.1,331.556,87.182,68.799,3.085
812.225,346.277,87.088,68.95,2.976
812.35,357.792,86.777,69.943,2.895
812.475,365.54,86.291,70.981,2.837
812.6,368.919,85.679,72,2.802
812.725,367.439,85.027,73.003,2.794
812.85,360.768,84.427,73.979,2.817
812.975,351.917,83.889,74.796,2.871
813.1,344.2,83.408,75.287,2.961
813.225,340.262,83.004,75.62,3.096
813.35,340.928,82.743,76.306,3.297
813.475,343.13,82.615,77.168,3.581
813.6,344.715,82.566,77.702,3.934
813.725,345.336,82.482,77.634,4.355
813.85,346.779,82.212,77.205,4.886
813.975,350.725,81.749,76.821,5.511
814.1,357.328,81.14,76.533,6.215
814.225,365.348,80.443,75.899,6.943
814.35,372.962,79.688,74.024,7.646
814.475,379.033,78.923,71.303,8.228
814.6,383.058,78.217,68.765,8.586
814.725,384.555,77.664,67.23,8.636
814.85,381.952,77.398,66.674,8.299
814.975,375.267,77.421,66.284,7.698
815.1,365.272,77.704,65.843,6.96
815.225,354.539,78.161,65.628,6.216
815.35,347.651,78.689,66.441,5.55
815.475,346.522,79.178,68.411,5.016
815.6,350.442,79.558,70.93,4.607
815.725,356.676,79.772,73.133,4.308
815.85,362.139,79.76,74.551,4.117
815.975,366.006,79.553,75.583,4.001
816.1,368.737,79.176,76.263,3.946
816.225,370.775,78.681,76.472,3.942
816.35,371.718,78.134,76.09,3.985
816.475,371.542,77.582,75.177,4.058
816.6,370.61,77.03,73.784,4.152
816.725,369.46,76.471,72.13,4.259
816.85,368.3,75.914,70.68,4.375
816.975,366.866,75.373,69.717,4.492
817.1,365.158,74.848,69.374,4.604
817.225,363.658,74.332,69.473,4.703
817.35,363.317,73.837,69.606,4.791
817.475,363.794,73.406,69.648,4.879
817.6,363.483,73.097,69.409,4.961
817.725,360.571,72.967,68.625,5.019
817.85,354.198,73.102,67.46,5.016
817.975,347.14,73.481,66.427,4.941
818.1,342.894,74.095,65.999,4.783
818.225,344.266,74.924,66.663,4.547
818.35,352.646,75.967,68.6,4.261
818.475,364.113,77.158,70.603,3.976
818.6,374.045,78.463,71.949,3.721
818.725,377.627,79.838,73.092,3.473
818.85,370.265,81.204,75.028,3.31
818.975,355.842,82.485,77.669,3.208
819.1,340.785,83.63,80.513,3.17
819.225,331.723,84.599,82.709,3.2
819.35,332.679,85.318,83.298,3.315
819.475,338.856,85.787,82.893,3.53
819.6,345.741,85.981,82.49,3.831
819.725,351.191,85.88,82.348,4.217
819.85,355.876,85.448,81.527,4.755
819.975,360.643,84.789,79.21,5.453
820.1,364.324,83.981,75.318,6.339
820.225,365.707,83.095,70.516,7.432
820.35,366.051,82.189,66.451,8.852
820.475,369.012,81.316,64.467,10.568
820.6,376.322,80.515,64.786,12.517
820.725,386.373,79.818,66.712,14.557
820.85,393.748,79.289,69.192,16.058
820.975,393.724,78.941,71.074,16.402
821.1,384.515,78.798,71.845,15.456
821.225,367.808,78.885,71.349,13.627
821.35,348.904,79.26,69.686,11.528
821.475,335.012,79.876,67.768,9.615
821.6,329.894,80.695,66.39,8.02
821.725,332.489,81.659,66.42,6.787
821.85,336.226,82.682,68.791,5.868
821.975,333.771,83.656,72.963,5.148
822.1,323.705,84.509,78.115,4.604
822.225,310.05,85.202,82.87,4.194
822.35,300.218,85.698,85.298,3.904
822.475,297.01,86.046,85.049,3.693
822.6,298.51,86.277,82.582,3.519
822.725,301.049,86.429,79.172,3.413
822.85,302.633,86.546,76.444,3.368
822.975,305.188,86.669,74.864,3.361
823.1,311.132,86.805,74.134,3.386
823.225,320.676,86.934,73.804,3.436
823.35,329.933,86.995,73.834,3.514
823.475,333.258,86.94,74.294,3.613
823.6,328.226,86.734,75.137,3.687
823.725,317.172,86.38,76.228,3.756
823.85,306.624,85.905,77.333,3.813
823.975,301.241,85.401,77.941,3.852
824.1,300.815,84.944,77.788,3.869
824.225,303.101,84.588,76.998,3.863
824.35,307.761,84.383,75.873,3.835
824.475,316.549,84.314,74.807,3.797
824.6,330.534,84.366,74.158,3.75
824.725,346.879,84.503,74.155,3.699
824.85,358.197,84.651,74.944,3.648
824.975,360.926,84.703,76.367,3.601
825.1,356.298,84.567,78.248,3.566
825.225,348.053,84.2,79.9,3.544
825.35,339.762,83.601,80.228,3.539
825.475,333.497,82.896,79.224,3.552
825.6,330.942,82.182,77.357,3.584
825.725,333.299,81.549,75.306,3.633
825.85,339.149,81.108,74.042,3.69
825.975,343.092,80.872,73.974,3.739
826.1,341.519,80.823,75.013,3.767
826.225,334.457,80.905,76.749,3.763
826.35,326.342,81.057,78.492,3.731
826.475,322.508,81.215,79.533,3.695
826.6,324.329,81.331,79.508,3.677
826.725,329.228,81.354,78.333,3.694
826.85,332.171,81.208,76.323,3.765
826.975,331.509,80.901,74.58,3.878
827.1,329.662,80.466,73.925,4.019
827.225,331.272,79.95,74.664,4.164
827.35,340.476,79.391,76.297,4.285
827.475,353.196,78.83,77.444,4.375
827.6,363.003,78.302,77.457,4.44
827.725,364.484,77.845,76.66,4.489
827.85,356.645,77.511,75.999,4.528
827.975,347.348,77.284,75.861,4.552
828.1,342.736,77.133,76.001,4.555
828.225,344.666,77.024,76.007,4.533
828.35,350.372,76.912,75.35,4.482
828.475,354.861,76.754,74.007,4.416
828.6,356.692,76.52,72.232,4.355
828.725,356.957,76.199,70.536,4.32
828.85,358.007,75.794,69.704,4.33
828.975,360.373,75.354,70.04,4.372
829.1,362.781,74.916,71.512,4.433
829.225,363.981,74.509,73.612,4.488
829.35,364.021,74.157,75.315,4.504
829.475,363.963,73.857,76.087,4.476
829.6,364.205,73.612,75.904,4.411
829.725,364.439,73.423,75.197,4.323
829.85,363.961,73.298,74.57,4.226
829.975,362.717,73.235,74.375,4.141
830.1,360.856,73.252,74.618,4.081
830.225,358.679,73.361,75.006,4.049
830.35,356.286,73.561,75.284,4.046
830.475,353.619,73.791,75.63,4.069
830.6,350.329,73.991,76.117,4.113
830.725,345.741,74.094,76.692,4.177
830.85,339.665,74.018,76.99,4.266
830.975,334.227,73.781,76.657,4.377
831.1,332.448,73.406,75.682,4.51
831.225,336.481,72.939,74.442,4.663
831.35,345.422,72.43,73.468,4.837
831.475,353.447,71.937,72.711,5.015
831.6,356.405,71.501,72.003,5.181
831.725,353.876,71.165,71.4,5.319
831.85,349.965,70.989,71.238,5.4
831.975,349.182,70.96,71.789,5.411
832.1,351.831,71.062,72.727,5.356
832.225,355.498,71.277,73.335,5.258
832.35,356.982,71.606,72.846,5.148
832.475,355.547,72.034,71.418,5.049
832.6,351.502,72.558,69.706,4.968
832.725,345.799,73.159,68.355,4.904
832.85,340.041,73.788,67.904,4.837
832.975,335.567,74.368,68.297,4.743
833.1,332.889,74.842,68.839,4.614
833.225,331.935,75.188,68.742,4.461
833.35,332.398,75.403,67.52,4.305
833.475,333.848,75.524,66.011,4.174
833.6,336.315,75.561,64.945,4.085
833.725,339.505,75.511,64.618,4.046
833.85,342.004,75.344,65.486,4.066
833.975,341.866,75.066,67.624,4.13
834.1,338.01,74.676,70.785,4.233
834.225,331.271,74.176,74.224,4.367
834.35,325.446,73.559,76.306,4.54
834.475,325.202,72.857,76.173,4.762
834.6,332.989,72.095,74.036,5.052
834.725,347.826,71.318,71.241,5.432
834.85,365.349,70.612,69.449,5.95
834.975,380.161,70.033,68.914,6.597
835.1,390.547,69.612,69.351,7.367
835.225,397.429,69.341,70.395,8.266
835.35,402.562,69.19,71.756,9.304
835.475,406.832,69.101,73.003,10.421
835.6,409.134,69.04,73.656,11.557
835.725,407.992,68.981,73.428,12.684
835.85,402.428,68.902,72.169,13.69
835.975,394.803,68.807,70.403,14.439
836.1,387.539,68.714,68.934,14.737
836.225,382.227,68.651,68.608,14.456
836.35,378.454,68.646,69.97,13.54
836.475,373.537,68.691,71.915,12.271
836.6,365.714,68.788,73.258,10.862
836.725,354.836,68.936,73.25,9.458
836.85,342.678,69.129,71.977,8.186
836.975,332.438,69.338,70.709,7.099
837.1,326.11,69.538,70.257,6.195
837.225,324.361,69.719,70.684,5.455
837.35,327.283,69.904,71.644,4.921
837.475,332.635,70.115,72.601,4.548
837.6,337.834,70.353,73.215,4.316
837.725,339.577,70.618,73.179,4.206
837.85,334.535,70.91,72.55,4.211
837.975,325.318,71.214,72.267,4.294
838.1,316.678,71.501,73.107,4.437
838.225,313.44,71.723,75.122,4.63
838.35,318.34,71.817,77.251,4.887
838.475,326.764,71.793,77.926,5.211
838.6,333.477,71.667,76.67,5.611
838.725,334.429,71.456,74.347,6.082
838.85,327.157,71.184,72.554,6.542
838.975,314.694,70.925,72.095,6.872
839.1,300.823,70.759,72.77,6.951
839.225,290.404,70.759,73.805,6.711
839.35,289.379,71.004,74.241,6.171
839.475,297.278,71.461,73.99,5.52
839.6,311.024,72.118,73.365,4.903
839.725,325.768,72.953,72.665,4.384
839.85,336.354,73.936,72.469,3.993
839.975,342.018,74.968,73.441,3.709
840.1,344.144,75.973,75.834,3.496
840.225,344.201,76.875,79.289,3.39
840.35,341.822,77.559,82.972,3.399
840.475,336.859,77.985,85.973,3.522
840.6,330.541,78.102,87.789,3.747
840.725,326.153,77.885,88.366,4.08
840.85,328.914,77.291,87.776,4.613
840.975,339.326,76.423,86.346,5.385
841.1,355.32,75.342,84.577,6.47
841.225,372.762,74.107,83.339,7.953
841.35,386.355,72.777,83.502,10.115
841.475,393.955,71.438,84.799,12.896
841.6,395.251,70.147,86.822,16.231
841.725,391.441,68.942,89.088,19.643
841.85,384.83,67.869,90.921,21.964
841.975,378.669,66.91,92.061,22.652
842.1,374.46,66.077,92.602,22.034
842.225,372.572,65.398,92.458,20.824
842.35,373.197,64.928,91.097,19.602
842.475,375.965,64.641,88.65,18.626
842.6,380.797,64.538,85.656,17.969
842.725,387.162,64.611,82.829,17.654
842.85,393.593,64.844,80.846,17.681
842.975,398.168,65.165,79.789,17.876
843.1,399.85,65.537,79.498,18.021
843.225,398.437,65.942,79.785,17.781
843.35,393.052,66.376,81.019,16.664
843.475,383.788,66.823,83.469,14.79
843.6,371.147,67.263,86.969,12.546
843.725,357.423,67.694,90.527,10.379
843.85,346.64,68.168,92.436,8.58
843.975,339.869,68.76,92.025,7.204
844.1,335.123,69.509,89.68,6.185
844.225,328.817,70.378,86.709,5.425
844.35,318.081,71.273,84.842,4.907
844.475,305.36,72.116,84.537,4.541
844.6,294.152,72.885,85.229,4.294
844.725,287.086,73.566,86.011,4.148
844.85,285.623,74.08,85.948,4.11
844.975,288.351,74.346,84.644,4.159
845.1,294.5,74.244,82.24,4.295
845.225,302.926,74.196,81.699,4.328
845.35,311.729,72.879,77.459,4.769
845.475,318.88,71.504,76.462,5.152
845.6,323.489,69.873,76.778,5.58
845.725,325.784,68.074,77.803,6.024
845.85,327.01,66.188,78.776,6.44
845.975,328.77,64.308,79.01,6.779
846.1,331.185,62.549,78.657,7.024
846.225,332.904,61.039,77.929,7.149
846.35,330.999,59.877,76.959,7.141
846.475,324.746,59.121,75.988,6.987
846.6,314.985,58.655,75.255,6.731
846.725,303.757,58.455,75.036,6.391
846.85,294.303,58.516,75.5,5.976
846.975,289.102,58.87,76.374,5.515
847.1,289.754,59.462,77.095,5.057
847.225,296.56,60.273,77.417,4.63
847.35,307.931,61.29,77.404,4.256
847.475,318.839,62.526,77.31,3.957
847.6,325.307,63.864,77.319,3.727
847.725,325.467,65.179,77.562,3.56
847.85,320.133,66.393,78.212,3.411
847.975,313.611,67.406,79.525,3.363
848.1,308.271,68.119,81.207,3.366
848.225,304.679,68.384,82.457,3.417
848.35,302.365,68.096,82.417,3.548
848.475,301.133,67.173,80.711,3.686
848.6,301.943,65.842,78.349,3.86
848.725,305.545,64.26,76.191,4.063
848.85,310.935,62.527,74.79,4.284
848.975,314.817,60.771,74.374,4.51
849.1,315.336,59.218,74.404,4.732
849.225,313.311,58.058,74.404,4.951
849.35,312.381,57.382,74.166,5.176
849.475,315.158,57.189,73.648,5.418
849.6,321.416,57.246,73.092,5.689
849.725,328.718,57.404,72.777,5.998
849.85,333.238,57.525,72.933,6.342
849.975,333.587,57.454,73.522,6.697
850.1,330.015,57.158,74.128,7.047
850.225,323.334,56.646,74.45,7.359
850.35,313.948,55.959,74.311,7.583
850.475,303.785,55.179,73.613,7.637
850.6,295.996,54.444,72.73,7.513
850.725,294.228,53.854,72.153,7.212
850.85,300.972,53.484,72.321,6.772
850.975,311.976,53.36,73.461,6.239
851.1,322.667,53.358,75.094,5.685
851.225,330.086,53.396,76.754,5.173
851.35,334.499,53.432,78.297,4.731
851.475,338.451,53.479,79.643,4.383
851.6,342.089,53.54,80.534,4.112
851.725,343.516,53.559,80.702,3.914
851.85,340.316,53.462,79.955,3.779
851.975,334.555,53.235,78.54,3.711
